Glass Name,Source,Elastic Modulus,Poisson's Ratio,Shear Modulus,Thermal Expansion Coefficient,Density (kg/m³),Thermal Conductivity,Other Properties
H-F4,Other,N/A,0,N/A,0.000007900000000,2670.0 kg/m³,N/A,N/A
H-K9L,Other,N/A,0.000000000000000,N/A,8.3e-06,2520.0 kg/m³,N/A,N/A
H-LAFL5,Other,N/A,0,N/A,0.000007400000000,3710.0 kg/m³,N/A,N/A
H-LAK7,Other,N/A,N/A,N/A,0.000006000000000,3820.0 kg/m³,N/A,N/A
H-LAK4L,Other,N/A,0,N/A,0.000006300000000,2990.0 kg/m³,N/A,N/A
H-QF1,Other,N/A,0,N/A,0.000009500000000,2550.0 kg/m³,N/A,N/A
H-ZF52A,Other,N/A,N/A,N/A,0.000009200000000,3520.0 kg/m³,N/A,N/A
H-ZK9A,Other,N/A,0,N/A,0.000006400000000,3530.0 kg/m³,N/A,N/A
E-FD4,Hoya,N/A,0.256,N/A,8.7e-06,3230.0 kg/m³,0.2256,ND: 1; VD: 2
S-NPH2,Other,9.91E+10,0.249,3.9672E+10,7e-06,3580.0 kg/m³,0.969,Specific Heat: 550; ND:; VD:
S-NPH1,Other,89300000768.000000,0.250000,35719999488.000000,0.000008,3290.0 kg/m³,0.882000,Specific Heat: 550.000000; ND:; VD:
S-NBH51,Other,1.097E+011,0.253,4.3775E+010,7e-006,3290.0 kg/m³,1.124,Specific Heat: 550
S-NBH8,Other,1.017E+011,0.25,4.068E+010,8e-006,3190.0 kg/m³,1.052,Specific Heat: 550
S-NBH5,Other,9.02E+010,0.248,3.6138E+010,7e-006,3020.0 kg/m³,0.965,Specific Heat: 550
S-NBM51,Other,81700000000.000000,0.243000,32864000000.000000,0.000006,2930.0 kg/m³,0.904000,Specific Heat: 550.000000
S-FTM16,Other,6.53E+010,0.238,2.6373E+010,9e-006,2640.0 kg/m³,0.947,Specific Heat: 550
S-YGH51,Other,122200000000.000000,0.291000,47328000000.000000,0.000006,4400.0 kg/m³,0.842000,Specific Heat: 550.000000
S-LAH79,Other,1.255E+011,0.297,4.8381E+010,6e-006,5230.0 kg/m³,0.957,Specific Heat: 550
S-LAH66,Other,1.219E+011,0.291,4.7211E+010,6e-006,4230.0 kg/m³,0.845,Specific Heat: 550
S-LAH65,Other,125800000000.000000,0.295000,48571000000.000000,0.000006,4760.0 kg/m³,0.833000,Specific Heat: 550.000000
S-LAH64,Other,122400000000.000000,0.294000,47295000000.000000,0.000006000000000,4300.0 kg/m³,0.856000,Specific Heat: 550.000000
S-LAH63,Other,1.121E+011,0.295,4.3282E+010,6e-006,4340.0 kg/m³,0.849,Specific Heat: 550
S-LAH60,Other,124800000000.000000,0.296000,48148000768.000000,0.000006,4430.0 kg/m³,0.872000,Specific Heat: 550.000000
S-LAH59,Other,1.25E+011,0.298,4.8151E+010,6e-006,5070.0 kg/m³,0.816,Specific Heat: 550
S-LAH58,Other,126800003072.000000,0.301000,48732000256.000000,0.000007,5520.0 kg/m³,0.827000,Specific Heat: 550.000000
S-LAH55,Other,1.249E+011,0.296,4.8187E+010,6e-006,4730.0 kg/m³,0.846,Specific Heat: 550
S-LAH53,Other,1.127E+011,0.299,4.338E+010,6e-006,4430.0 kg/m³,0.86,Specific Heat: 550
S-LAH52,Other,1.119E+011,0.297,4.3138E+010,6e-006,4410.0 kg/m³,0.828,Specific Heat: 550
S-LAH51,Other,1.129E+011,0.297,4.3524E+010,6e-006,4400.0 kg/m³,0.826,Specific Heat: 550
S-LAM66,Other,1.21E+11,0.28,4.7266E+10,8e-06,3550.0 kg/m³,1.602,Specific Heat: 550
S-LAM61,Other,9.37E+010,0.29,3.6318E+010,7e-006,4100.0 kg/m³,0.732,Specific Heat: 550
S-LAM60,Other,1.132E+011,0.294,4.374E+010,5e-006,4060.0 kg/m³,0.845,Specific Heat: 550
S-LAM59,Other,1.006E+011,0.277,3.9389E+010,7e-006,3770.0 kg/m³,0.847,Specific Heat: 550
S-LAM58,Other,9.19E+010,0.279,3.5927E+010,7e-006,4000.0 kg/m³,0.771,Specific Heat: 550
S-LAM55,Other,9.67E+010,0.292,3.7423E+010,7e-006,4220.0 kg/m³,0.741,Specific Heat: 550
S-LAM54,Other,1.172E+011,0.292,4.5356E+010,6e-006,4080.0 kg/m³,0.891,Specific Heat: 550
S-LAM52,Other,9.57E+010,0.278,3.7441E+010,8e-006,3950.0 kg/m³,0.801,Specific Heat: 550
S-LAM51,Other,1.007E+011,0.278,3.9397E+010,7e-006,3790.0 kg/m³,0.867,Specific Heat: 550
S-LAM7,Other,9.7E+010,0.273,3.8099E+010,7e-006,3810.0 kg/m³,0.871,Specific Heat: 550
S-LAM3,Other,8.68E+010,0.294,3.3539E+010,8e-006,4250.0 kg/m³,0.655,Specific Heat: 550
S-LAM2,Other,935000000.000000,0.295000,36100000000.000000,0.000007000000000,4320.0 kg/m³,0.698000,Specific Heat: 550.000000
S-LAL61,Other,1.19E+011,0.291,4.6088E+010,6e-006,4040.0 kg/m³,0.861,Specific Heat: 550
S-LAL59,Other,1.137E+011,0.293,4.3968E+010,5e-006,4040.0 kg/m³,0.863,Specific Heat: 550
S-LAL58,Other,9.28E+010,0.285,3.6109E+010,8e-006,4030.0 kg/m³,0.728,Specific Heat: 550
S-LAL56,Other,9.11E+010,0.28,3.5586E+010,7e-006,3850.0 kg/m³,0.778,Specific Heat: 550
S-LAL54,Other,8.77E+010,0.277,3.4338E+010,7e-006,3820.0 kg/m³,0.761,Specific Heat: 550
S-LAL18,Other,120400000000.000000,0.289000,46703000000.000000,0.000006,4180.0 kg/m³,0.871000,Specific Heat: 550.000000
S-LAL14,Other,1.118E+011,0.284,4.3536E+010,6e-006,3700.0 kg/m³,0.908,Specific Heat: 550
S-LAL13,Other,1.073E+011,0.29,4.1589E+010,6e-006,3600.0 kg/m³,0.893,Specific Heat: 550
S-LAL12,Other,90999996416.000000,0.284000,35435999232.000000,0.000007,4010.0 kg/m³,0.717000,Specific Heat: 550.000000
S-LAL10,Other,1.061E+011,0.294,4.0997E+010,6e-006,3860.0 kg/m³,0.85,Specific Heat: 550
S-LAL9,Other,107500003328.000000,0.287000,41763999744.000000,0.000006,3630.0 kg/m³,0.895000,Specific Heat: 550.000000
S-LAL8,Other,114000000000.000000,0.289000,44220000000.000000,0.000006,3790.0 kg/m³,0.894000,Specific Heat: 550.000000
S-LAL7,Other,9.58E+010,0.271,3.7687E+010,7e-006,3730.0 kg/m³,0.825,Specific Heat: 550
S-TIH53,Other,96000000000.000000,0.266000,37915000832.000000,0.000009,3540.0 kg/m³,1.000000,Specific Heat: 550.000000
S-TIH23,Other,9.22E+010,0.26,3.6587E+010,9e-006,3300.0 kg/m³,0.992,Specific Heat: 550
S-TIH18,Other,8.91E+010,0.248,3.5696E+010,8e-006,3070.0 kg/m³,1.029,Specific Heat: 550
S-TIH14,Other,8.88E+010,0.254,3.5407E+010,9e-006,3170.0 kg/m³,1.027,Specific Heat: 550
S-TIH13,Other,8.99E+010,0.249,3.5989E+010,8e-006,3100.0 kg/m³,1.034,Specific Heat: 550
S-TIH11,Other,9.12E+010,0.255,3.6335E+010,9e-006,3240.0 kg/m³,1.017,Specific Heat: 550
S-TIH10,Other,1.024E+011,0.243,4.1191E+010,8e-006,3060.0 kg/m³,1.043,Specific Heat: 550
S-TIH6,Other,9.309999923E+010,0.261,3.69149993E+010,9e-006,3370.0 kg/m³,1.011,Specific Heat: 550
S-TIH4,Other,91900000000.000000,0.254000,36643000000.000000,0.000008,3150.0 kg/m³,1.010000,Specific Heat: 550.000000
S-TIH3,Other,9.08E+010,0.254,3.6204E+010,8e-006,3110.0 kg/m³,1.027,Specific Heat: 550
S-TIH1,Other,88400000000.000000,0.247000,35445000000.000000,0.000008,3060.0 kg/m³,1.018000,Specific Heat: 550.000000
S-TIM39,Other,8.17E+010,0.246,3.2785E+010,9e-006,2920.0 kg/m³,0.988,Specific Heat: 550
S-TIM35,Other,8.75E+010,0.238,3.5339E+010,8e-006,2960.0 kg/m³,1.049,Specific Heat: 550
S-TIM28,Other,85500000000.000000,0.242000,34420000000.000000,0.000008,2980.0 kg/m³,1.006000,Specific Heat: 550.000000
S-TIM27,Other,7.93E+010,0.236,3.2079E+010,8e-006,2760.0 kg/m³,1.035,Specific Heat: 550
S-TIM25,Other,8.41E+010,0.236,3.4021E+010,8e-006,2910.0 kg/m³,1.046,Specific Heat: 550
S-TIM22,Other,7.98E+010,0.238,3.2229E+010,8e-006,2790.0 kg/m³,1.024,Specific Heat: 550
S-TIM8,Other,7.5E+010,0.231,3.0463E+010,8e-006,2630.0 kg/m³,1.034,Specific Heat: 550
S-TIM5,Other,7.63E+010,0.233,3.0941E+010,8e-006,2630.0 kg/m³,1.04,Specific Heat: 550
S-TIM3,Other,7.79E+010,0.229,3.1692E+010,8e-006,2670.0 kg/m³,1.044,Specific Heat: 550
S-TIM2,Other,77600000000.000000,0.230000,31545000000.000000,0.000008,2690.0 kg/m³,1.394000,Specific Heat: 550.000000
S-TIM1,Other,7.86E+010,0.234,3.1848E+010,8e-006,2710.0 kg/m³,1.043,Specific Heat: 550
S-TIL27,Other,7.49E+010,0.217,3.0772E+010,7e-006,2580.0 kg/m³,1.07,Specific Heat: 550
S-TIL26,Other,7.39E+010,0.222,3.0237E+010,8e-006,2570.0 kg/m³,1.054,Specific Heat: 550
S-TIL25,Other,7.53E+010,0.22,3.0861E+010,7e-006,2590.0 kg/m³,1.054,Specific Heat: 550
S-TIL6,Other,6.48E+010,0.146,2.8272E+010,8e-006,2500.0 kg/m³,1.059,Specific Heat: 550
S-TIL2,Other,6.99E+010,0.22,2.8648E+010,8e-006,2520.0 kg/m³,1.051,Specific Heat: 550
S-TIL1,Other,7.05E+010,0.222,2.8846E+010,9e-006,2540.0 kg/m³,1.039,Specific Heat: 550
S-PHM53,Other,7.08E+010,0.285,2.7549E+010,9e-006,3510.0 kg/m³,0.615,Specific Heat: 550
S-PHM52,Other,71500000000.000000,0.292000,27670000000.000000,0.000010,3670.0 kg/m³,0.599000,Specific Heat: 550.000000
S-BAH32,Other,9.04E+010,0.26,3.5873E+010,7e-006,3260.0 kg/m³,0.921,Specific Heat: 550
S-BAH28,Other,9.11E+010,0.213,3.7552E+010,7e-006,3670.0 kg/m³,0.889,Specific Heat: 550
S-BAH27,Other,9.36E+010,0.272,3.6792E+010,6e-006,3670.0 kg/m³,0.869,Specific Heat: 550
S-BAH11,Other,9.29E+010,0.274,3.646E+010,7e-006,3590.0 kg/m³,0.858,Specific Heat: 550
S-BAH10,Other,96200000000.000000,0.273000,37785000000.000000,0.000007,3480.0 kg/m³,0.902000,Specific Heat: 550.000000
S-BAM12,Other,9.04E+010,0.253,3.6073E+010,8e-006,3180.0 kg/m³,0.954,Specific Heat: 550
S-BAM4,Other,7.62E+010,0.244,3.0627E+010,8e-006,2910.0 kg/m³,0.931,Specific Heat: 550
S-BAM3,Other,7.71E+010,0.242,3.1039E+010,8e-006,2750.0 kg/m³,0.965,Specific Heat: 550
S-BAL42,Other,8.47E+010,0.246,3.3989E+010,7e-006,3190.0 kg/m³,0.974,Specific Heat: 550
S-BAL41,Other,8.9E+010,0.242,3.5829E+010,8e-006,2780.0 kg/m³,1.043,Specific Heat: 550
S-BAL35,Other,83200000000.000000,0.250000,33280000000.000000,0.000006000000000,3310.0 kg/m³,0.915000,Specific Heat: 550.000000
S-BAL14,Other,81100000000.000000,0.240000,32702000000.000000,0.000008000000000,2890.0 kg/m³,0.967000,Specific Heat: 550.000000
S-BAL12,Other,7.1E+010,0.161,3.0577E+010,9e-006,2750.0 kg/m³,0.982,Specific Heat: 550
S-BAL11,Other,8.19E+010,0.237,3.3104E+010,7e-006,3020.0 kg/m³,0.974,Specific Heat: 550
S-BAL3,Other,7.19E+010,0.249,2.8783E+010,1e-005,2980.0 kg/m³,0.864,Specific Heat: 550
S-BAL2,Other,7.27E+010,0.245,2.9197E+010,9e-006,2890.0 kg/m³,0.901,Specific Heat: 550
S-NSL36,Other,6.4E+010,0.139,2.8095E+010,8e-006,2460.0 kg/m³,1.089,Specific Heat: 550
S-NSL5,Other,6.91E+010,0.14,3.0307E+010,8e-006,2490.0 kg/m³,1.058,Specific Heat: 550
S-NSL3,Other,7E+010,0.217,2.8759E+010,9e-006,2480.0 kg/m³,1.026,Specific Heat: 550
S-NBH55,Other,1.053E+011,0.269,4.3775E+010,8.2e-006,3490.0 kg/m³,0.994,Specific Heat: 550
S-BSM81,Other,1.057E+011,0.271,4.1581E+010,6e-006,3060.0 kg/m³,1.001,Specific Heat: 550
S-BSM71,Other,8.62E+010,0.273,3.3857E+010,7e-006,3740.0 kg/m³,0.773,Specific Heat: 550
S-BSM28,Other,8.53E+010,0.258,3.3903E+010,8e-006,3230.0 kg/m³,0.878,Specific Heat: 550
S-BSM25,Other,9.51E+010,0.272,3.7382E+010,7e-006,3500.0 kg/m³,0.891,Specific Heat: 550
S-BSM22,Other,8.74E+010,0.265,3.4545E+010,7e-006,3240.0 kg/m³,0.916,Specific Heat: 550
S-BSM18,Other,8.85E+010,0.268,3.4897E+010,7e-006,3690.0 kg/m³,0.815,Specific Heat: 550
S-BSM16,Other,8.78E+010,0.262,3.4786E+010,7e-006,3590.0 kg/m³,0.835,Specific Heat: 550
S-BSM15,Other,8.54E+010,0.265,3.3755E+010,6e-006,3600.0 kg/m³,0.845,Specific Heat: 550
S-BSM14,Other,8.49E+010,0.257,3.3771E+010,6e-006,3430.0 kg/m³,0.891,Specific Heat: 550
S-BSM10,Other,8.35E+010,0.266,3.2978E+010,6e-006,3600.0 kg/m³,0.822,Specific Heat: 550
S-BSM9,Other,8.65E+010,0.264,3.4217E+010,6e-006,3220.0 kg/m³,0.916,Specific Heat: 550
S-BSM4,Other,8.16E+010,0.264,3.2253E+010,7e-006,3570.0 kg/m³,0.836,Specific Heat: 550
S-BSM2,Other,7.8E+010,0.264,3.0854E+010,6e-006,3530.0 kg/m³,0.802,Specific Heat: 550
S-BSL7,Other,8E+010,0.205,3.3195E+010,7e-006,2520.0 kg/m³,1.13,Specific Heat: 550
S-FSL5,Other,62300000000.000000,0.227000,25387000000.000000,0.000009000000000,2460.0 kg/m³,1.007000,Specific Heat: 550.000000
S-FPL53,Other,6.910000333E+010,0.303,2.651600077E+010,1.4e-005,3620.0 kg/m³,0.857,Specific Heat: 550
S-FPL52,Other,7.17E+010,0.299,2.7598E+010,1.3e-005,3530.0 kg/m³,0.849,Specific Heat: 550
S-FPL51,Other,7.27E+010,0.299,2.7983E+010,1.3e-005,3620.0 kg/m³,0.78,Specific Heat: 550
PBM2Y,Other,N/A,0.223,N/A,8.6e-006,3610.0 kg/m³,0.814,N/A
BSL7Y,Other,N/A,0.207,N/A,68,2500.0 kg/m³,1.182,Tensile Strength: 30000000
S-FPM3,Other,8.06E+010,0.291,N/A,1.15e-005,3640.0 kg/m³,0.805,N/A
S-FPM2,Other,7.5E+10,0.287,N/A,1.17e-05,4170.0 kg/m³,0.624,N/A
S-NBH56,Other,1.067E+11,0.249,N/A,0.00077,3490.0 kg/m³,1.12,N/A
S-NBH53,Other,1.097E+11,0.236,4.3775E+10,7e-06,3280.0 kg/m³,1.124,Specific Heat: 550
SF6HT,Schott,5.499999846E+10,0.244,2.21099991E+10,8e-06,5180.0 kg/m³,0.673,Specific Heat: 389
SF66,Schott,51000000512.000000,0.258000,20270000128.000000,0.000009,6025.0 kg/m³,0.530000,Specific Heat: 340.000000
SF6,Schott,54999998464.000000,0.244000,22109999104.000000,0.000008,5180.0 kg/m³,0.673000,Specific Heat: 389.000000
SF57HHT,Schott,54000001024.000000,0.248000,21629999104.000000,0.000008,5510.0 kg/m³,0.620000,Specific Heat: 360.000000
SF57,Schott,54000001024.000000,0.248000,21629999104.000000,0.000008,5510.0 kg/m³,0.620000,Specific Heat: 360.000000
SF56A,Schott,57000001536.000000,0.239000,23000000512.000000,0.000008,4920.0 kg/m³,0.650000,Specific Heat: 410.000000
SF5,Schott,56000000000.000000,0.233000,22709999616.000000,0.000008,4070.0 kg/m³,0.650000,Specific Heat: 410.000000
SF4,Schott,56000000000.000000,0.241000,22560000000.000000,0.000008,4790.0 kg/m³,0.650000,Specific Heat: 410.000000
SF2,Schott,54999998464.000000,0.227000,22410000384.000000,0.000008,3860.0 kg/m³,0.735000,Specific Heat: 498.000000
SF15,Schott,59999997952.000000,0.235000,24290000896.000000,0.000008,4060.0 kg/m³,0.770000,Specific Heat: 440.000000
SF14,Schott,65000001536.000000,0.231000,26400000000.000000,0.000007,4540.0 kg/m³,0.770000,Specific Heat: 440.000000
SF11,Schott,65999998976.000000,0.235000,26720000000.000000,0.000006,4740.0 kg/m³,0.737000,Specific Heat: 431.000000
SF10,Schott,64000000000.000000,0.232000,25969999872.000000,0.000008,4280.0 kg/m³,0.741000,Specific Heat: 465.000000
SF1,Schott,56000000000.000000,0.232000,22730000384.000000,0.000008,4460.0 kg/m³,0.740000,Specific Heat: 465.000000
P-SK57,Schott,92659998720.000000,0.249000,37090000896.000000,0.000007,3012.0 kg/m³,1.010000,Specific Heat: 760.000000
P-PK67,Schott,90199998464.000000,0.248000,36139999232.000000,0.000006,4236.0 kg/m³,0.790000,Specific Heat: 530.000000
P-PK53,Schott,59370000384.000000,0.271000,23360000000.000000,0.000013,2827.0 kg/m³,0.640000,Specific Heat: 770.000000
P-LASF47,Schott,119560003584.000000,0.298000,46060000.000000,0.000006,4538.0 kg/m³,0.850000,Specific Heat: 550.000000
N-ZK7,Schott,70000001024.000000,0.214000,28829999104.000000,0.000005,2490.0 kg/m³,1.042000,Specific Heat: 770.000000
N-SSK8,Schott,83999997952.000000,0.251000,33570000896.000000,0.000007,3268.0 kg/m³,0.840000,Specific Heat: 640.000000
N-SSK5,Schott,87999995904.000000,0.278000,34430001152.000000,0.000007,3710.0 kg/m³,0.810000,Specific Heat: 580.000000
N-SSK2,Schott,82000003072.000000,0.261000,32509999104.000000,0.000006,3525.0 kg/m³,0.810000,Specific Heat: 580.000000
N-SK5,Schott,8.399999795E+10,0.256,3.344E+10,5e-06,3300.0 kg/m³,0.99,Specific Heat: 560
N-SK4,Schott,83999997952.000000,0.261000,33309999104.000000,0.000006,3535.0 kg/m³,0.830000,Specific Heat: 570.000000
N-SK2,Schott,7.799999693E+010,0.263,3.088E+010,0.000006000000000,3550.0 kg/m³,0.776,Specific Heat: 595
N-SK16,Schott,89000001536.000000,0.264000,35209998336.000000,0.000006,3580.0 kg/m³,0.818000,Specific Heat: 578.000000
N-SK15,Schott,83999997952.000000,0.265000,33199998976.000000,0.000007,3620.0 kg/m³,0.770000,Specific Heat: 570.000000
N-SK14,Schott,86000001024.000000,0.261000,34100000768.000000,0.000006,3440.0 kg/m³,0.851000,Specific Heat: 636.000000
N-SK11,Schott,79000002560.000000,0.239000,31879999488.000000,0.000006,3080.0 kg/m³,1.030000,Specific Heat: 770.000000
N-SF8,Schott,87999995904.000000,0.245000,35340001280.000000,0.000009,2904.0 kg/m³,1.030000,Specific Heat: 770.000000
N-SF6HT,Schott,92999999488.000000,0.262000,36849999872.000000,0.000009,3369.0 kg/m³,0.960000,Specific Heat: 690.000000
N-SF66,Schott,94900002816.000000,0.259000,37689999360.000000,0.000006,3996.0 kg/m³,0.800000,Specific Heat: 540.000000
N-SF64,Schott,87999995904.000000,0.245000,35340001280.000000,0.000008,2989.0 kg/m³,0.980000,Specific Heat: 750.000000
N-SF6,Schott,92999999488.000000,0.262000,36849999872.000000,0.000010,3369.0 kg/m³,0.960000,Specific Heat: 690.000000
N-SF57HT,Schott,96000000000.000000,0.260000,38100000768.000000,0.000008,3533.0 kg/m³,0.990000,Specific Heat: 660.000000
N-SF57,Schott,96000000000.000000,0.260000,38100000768.000000,0.000008,3533.0 kg/m³,0.990000,Specific Heat: 660.000000
N-SF56,Schott,90999996416.000000,0.255000,36250001408.000000,0.000009,3280.0 kg/m³,0.940000,Specific Heat: 700.000000
N-SF5,Schott,8.699999846E+010,0.237,3.51700009E+010,8e-006,2858.0 kg/m³,1,Specific Heat: 770
N-SF4,Schott,89999998976.000000,0.256000,35830001664.000000,0.000009,3145.0 kg/m³,0.950000,Specific Heat: 760.000000
N-SF15,Schott,89999998976.000000,0.243000,36200001536.000000,0.000008,2921.0 kg/m³,1.040000,Specific Heat: 760.000000
N-SF14,Schott,88300003328.000000,0.259000,35070001152.000000,0.000009,3118.0 kg/m³,1.000000,Specific Heat: 750.000000
N-SF11,Schott,92000002048.000000,0.257000,36600000512.000000,0.000009,3224.0 kg/m³,0.950000,Specific Heat: 710.000000
N-SF10,Schott,86999998464.000000,0.252000,34739998720.000000,0.000009,3050.0 kg/m³,0.960000,Specific Heat: 740.000000
N-SF1,Schott,89999998976.000000,0.250000,35999997952.000000,0.000009,3025.0 kg/m³,1.000000,Specific Heat: 750.000000
N-PSK53A,Schott,76130000896.000000,0.288000,26549999616.000000,0.000009,3568.0 kg/m³,0.640000,Specific Heat: 590.000000
N-PSK53,Schott,77999996928.000000,0.288000,30279999488.000000,0.000009,3600.0 kg/m³,0.990000,Specific Heat: 682.000000
N-PSK3,Schott,83999997952.000000,0.226000,34260000768.000000,0.000006,2910.0 kg/m³,0.990000,Specific Heat: 682.000000
N-PK52A,Schott,70999998464.000000,0.298000,27349999616.000000,0.000013,3747.0 kg/m³,0.730000,Specific Heat: 670.000000
N-PK51,Schott,73999998976.000000,0.295000,28569999360.000000,0.000012,3855.0 kg/m³,0.650000,Specific Heat: 620.000000
N-LASF9,Schott,108589998080.000000,0.288000,42149998592.000000,0.000008,4410.0 kg/m³,0.790000,Specific Heat: 530.000000
N-LASF45,Schott,115999997952.000000,0.281000,45279997952.000000,0.000009,3626.0 kg/m³,1.020000,Specific Heat: 660.000000
N-LASF44,Schott,124000002048.000000,0.293000,47950000.000000,0.000006,4440.0 kg/m³,0.820000,Specific Heat: 530.000000
N-LASF43,Schott,114000003072.000000,0.290000,44189999104.000000,0.000007,4260.0 kg/m³,0.810000,Specific Heat: 550.000000
N-LASF41,Schott,124000002048.000000,0.294000,47909998592.000000,0.000007,4845.0 kg/m³,0.790000,Specific Heat: 490.000000
N-LASF40,Schott,111000002560.000000,0.304000,42560000000.000000,0.000007,4430.0 kg/m³,0.810000,Specific Heat: 550.000000
N-LASF31A,Schott,125510000640.000000,0.301000,48240001024.000000,0.000008,5510.0 kg/m³,0.790000,Specific Heat: 440.000000
N-LAK9,Schott,109999996928.000000,0.285000,42800001024.000000,0.000006,3510.0 kg/m³,0.908000,Specific Heat: 649.000000
N-LAK8,Schott,115000000512.000000,0.289000,44609998848.000000,0.000006,3749.0 kg/m³,0.840000,Specific Heat: 620.000000
N-LAK7,Schott,8.999999898E+10,0.277,3.524000154E+10,7e-06,3840.0 kg/m³,0.74,Specific Heat: 530
N-LAK34,Schott,117000003584.000000,0.290000,45349998592.000000,0.000007,4020.0 kg/m³,0.820000,Specific Heat: 520.000000
N-LAK33A,Schott,121000001536.000000,0.292000,46829998080.000000,0.000007,4216.0 kg/m³,0.810000,Specific Heat: 550.000000
N-LAK22,Schott,89999998976.000000,0.266000,35549999104.000000,0.000007,3768.0 kg/m³,0.880000,Specific Heat: 550.000000
N-LAK21,Schott,90999996416.000000,0.272000,35769999360.000000,0.000008,3740.0 kg/m³,0.880000,Specific Heat: 590.000000
N-LAK14,Schott,111000002560.000000,0.283000,33770000384.000000,0.000009,3630.0 kg/m³,0.860000,Specific Heat: 640.000000
N-LAK12,Schott,86999998464.000000,0.288000,33770000384.000000,0.000009,4100.0 kg/m³,0.860000,Specific Heat: 640.000000
N-LAK10,Schott,115999997952.000000,0.286000,45099999232.000000,0.000007,3689.0 kg/m³,0.860000,Specific Heat: 640.000000
N-LAF7,Schott,96000000000.000000,0.271000,37769998336.000000,0.000008,3730.0 kg/m³,0.830000,Specific Heat: 620.000000
N-LAF36,Schott,109999996928.000000,0.305000,42149998592.000000,0.000007,4431.0 kg/m³,0.790000,Specific Heat: 540.000000
N-LAF35,Schott,108999999488.000000,0.301000,41890000896.000000,0.000006,4115.0 kg/m³,0.800000,Specific Heat: 570.000000
N-LAF34,Schott,122999996416.000000,0.292000,47600001024.000000,0.000007,4240.0 kg/m³,0.560000,Specific Heat: 800.000000
N-LAF33,Schott,111000002560.000000,0.301000,42659999744.000000,0.000007,4360.0 kg/m³,0.800000,Specific Heat: 570.000000
N-LAF3,Schott,95000002560.000000,0.286000,36940001280.000000,0.000009,4140.0 kg/m³,0.830000,Specific Heat: 550.000000
N-LAF21,Schott,124000002048.000000,0.295000,47879999488.000000,0.000007,4281.0 kg/m³,0.830000,Specific Heat: 550.000000
N-LAF2,Schott,93999996928.000000,0.288000,36489998336.000000,0.000009,4295.0 kg/m³,0.670000,Specific Heat: 510.000000
N-KZFS8,Schott,102719995904.000000,0.248000,41150001152.000000,0.000009,3204.0 kg/m³,1.050000,Specific Heat: 760.000000
N-KZFS4,Schott,7.799999693E+10,0.241,3.143000064E+10,0.000007300000000,3000.0 kg/m³,0.84,Specific Heat: 760; Tensile Strength: 7000000; Yield Strength: 7000000
N-KZFS2,Schott,65999998976.000000,0.266000,26069999616.000000,0.000005,2552.0 kg/m³,0.810000,Specific Heat: 830.000000
N-KZFS11,Schott,79000002560.000000,0.251000,31569999872.000000,0.000008,3196.0 kg/m³,0.810000,Specific Heat: 690.000000
N-KF9,Schott,65999998976.000000,0.225000,26940000256.000000,0.000011,2499.0 kg/m³,1.040000,Specific Heat: 860.000000
N-K5,Schott,7.099999846E+010,0.224,2.899999949E+010,0.000008200000000,2590.0 kg/m³,0.95,Specific Heat: 783
N-FK51A,Schott,80999997440.000000,0.293000,31320000512.000000,0.000015,3675.0 kg/m³,0.760000,Specific Heat: 690.000000
N-FK5,Schott,62000001024.000000,0.232000,25159999488.000000,0.000010,2450.0 kg/m³,0.925000,Specific Heat: 808.000000
N-F2,Schott,82000003072.000000,0.228000,33390000128.000000,0.000009,2651.0 kg/m³,1.050000,Specific Heat: 810.000000
N-BK7,Schott,8.2E+10,0.206,3.4E+10,8e-06,2510.0 kg/m³,1.114,Specific Heat: 858
N-BK10,Schott,70999998464.000000,0.203000,29510000640.000000,0.000007,2390.0 kg/m³,1.320000,Specific Heat: 810.000000
N-BASF64,Schott,105000001536.000000,0.264000,41529999360.000000,0.000009,3200.0 kg/m³,0.940000,Specific Heat: 660.000000
N-BASF2,Schott,83999997952.000000,0.247000,33679998976.000000,0.000008,3151.0 kg/m³,0.940000,Specific Heat: 660.000000
N-BALF5,Schott,80999997440.000000,0.214000,33359998976.000000,0.000008,2614.0 kg/m³,1.050000,Specific Heat: 810.000000
N-BALF4,Schott,76999999488.000000,0.245000,30919999488.000000,0.000007,3111.0 kg/m³,0.850000,Specific Heat: 690.000000
N-BAK4,Schott,7.699999949E+010,0.24,3.105000038E+010,0.000007000000000,3046.0 kg/m³,0.88,Specific Heat: 680
N-BAK2,Schott,70999998464.000000,0.233000,28789999616.000000,0.000009,2860.0 kg/m³,0.920000,Specific Heat: 690.000000
N-BAK1,Schott,73000001536.000000,0.252000,29149999104.000000,0.000009,3190.0 kg/m³,0.795000,Specific Heat: 687.000000
N-BAF52,Schott,86000001024.000000,0.237000,34759999488.000000,0.000008,3045.0 kg/m³,0.960000,Specific Heat: 680.000000
N-BAF51,Schott,90999996416.000000,0.262000,36050000.000000,0.000009,3333.0 kg/m³,0.670000,Specific Heat: 840.000000
N-BAF4,Schott,85000003584.000000,0.231000,34520000.000000,0.000008,2889.0 kg/m³,1.020000,Specific Heat: 740.000000
N-BAF3,Schott,82000003072.000000,0.226000,33440000000.000000,0.000008,2792.0 kg/m³,1.040000,Specific Heat: 760.000000
N-BAF10,Schott,89000001536.000000,0.271000,35009998848.000000,0.000007,3745.0 kg/m³,0.780000,Specific Heat: 560.000000
LLF1,Schott,5.999999795E+010,0.208,2.48299991E+010,0.000008100000000,2940.0 kg/m³,0.866,Specific Heat: 650
LF5,Schott,59000000512.000000,0.223000,24120000512.000000,0.000009,3220.0 kg/m³,0.866000,Specific Heat: 657.000000
LAFN7,Schott,80000000000.000000,0.280000,31249999872.000000,0.000005,4380.0 kg/m³,0.770000,Specific Heat: 636.000000
KZFSN5,Schott,65000001536.000000,0.275000,25489999872.000000,0.000006,3460.0 kg/m³,0.766000,Specific Heat: 636.000000
KZFSN4,Schott,59999997952.000000,0.275000,23530000384.000000,0.000005,3200.0 kg/m³,0.766000,Specific Heat: 636.000000
KZFS12,Schott,65999998976.000000,0.279000,25799999488.000000,0.000005,3836.0 kg/m³,0.710000,Specific Heat: 540.000000
K7,Schott,69000003584.000000,0.214000,28419999744.000000,0.000010,2530.0 kg/m³,1.120000,Specific Heat: 770.000000
K10,Schott,65000001536.000000,0.190000,27310000128.000000,0.000007,2520.0 kg/m³,1.120000,Specific Heat: 770.000000
F5,Schott,57999998976.000000,0.220000,23769999360.000000,0.000009,3470.0 kg/m³,0.768000,Specific Heat: 553.000000
F4,Schott,56000000000.000000,0.222000,22909999104.000000,0.000009,3580.0 kg/m³,0.768000,Specific Heat: 553.000000
SF57HT,Schott,5.400000102E+010,0.248,2.16299991E+010,8e-006,5510.0 kg/m³,0.62,Specific Heat: 360
F2,Schott,57000001536.000000,0.220000,23360000000.000000,0.000009,3599.0 kg/m³,0.780000,Specific Heat: 557.000000
BK7-G18,Schott,8.2E+010,0.206,3.4E+010,8e-006,2510.0 kg/m³,1.114,Specific Heat: 858
P-SF67,Schott,N/A,0,N/A,6.2e-06,4240.0 kg/m³,N/A,Specific Heat: 530
N-SF2,Schott,8.6E+10,0.231,3.5E+10,0.000006700000000,2720.0 kg/m³,1.14,Specific Heat: 790
B270,Schott,7.15E+010,0.219,2.93E+010,0.000009400000000,2550.0 kg/m³,N/A,N/A
N-KZFS5,Schott,2000000000,0.243,N/A,6.4e-006,3041.0 kg/m³,0.95,Specific Heat: 730
Titanium Grade 12,Custom,102731903363.667450,0.330000,41023813759.316872,0.000005,4511.82574 kg/m³,24.900000,Specific Heat: 460.000000; Tensile Strength: 619838799.489510; Yield Strength: 479875199.604782
T.B.D,Custom,399895999670.651860,0.280000,155821544699.254000,0.000044,19292.899025 kg/m³,163.300000,Specific Heat: 134.000000; Tensile Strength: 979055723.331596; Yield Strength: 751528689.036225
CDA BRASS ALLOY 360,Custom,99999997952.000000,0.330000,36999999488.000000,0.000018,8500.0 kg/m³,110.000000,Specific Heat: 390.000000; Tensile Strength: 478412992.000000; Yield Strength: 239688992.000000
CDA COPPER ALLOY 145,Custom,1.099999969E+011,0.37,4E+010,2.4e-005,8900.0 kg/m³,390,Specific Heat: 390; Tensile Strength in X: 394380000; Yield Strength: 258646000
TUNGSTEN,Custom,399895999670.651860,0.280000,155821544699.254000,0.000044,19292.899025 kg/m³,163.300000,Specific Heat: 134.000000; Tensile Strength: 979055723.331596; Yield Strength: 751528689.036225
TITANIUM GRADE 5 (Ti-6Al-4V),Custom,1.137634954E+011,0.33,4.398855155E+010,0.000008600000000,4428.786003 kg/m³,6.7,Specific Heat: 526.3; Tensile Strength: 903213205.8; Compressive Strength: 861844662; Yield Strength: 827370875.5
AlBeMet,Custom,1.930532043E+011,0.17,8.204761183E+010,13.91,2071.011055 kg/m³,210,Specific Heat: 1560; Tensile Strength in X: 446780272.8; Yield Strength: 321985165.7
COPPER ALLOY UNS C10100,Custom,1.099999969E+011,0.37,4E+010,0.000017000000000,8900.0 kg/m³,390,Specific Heat: 390; Tensile Strength in X: 394380000; Yield Strength: 258646000
"COPPER ALLOY, OXYGEN-FREE, UNS C10200, H04 TEMPER",Custom,1.15E+011,0.31,4.4E+010,0.000017000000000,8940.0 kg/m³,391,Specific Heat: 385; Tensile Strength: 310000000; Yield Strength: 275000000
CARPENTER KOVAR ALLOY,Custom,138000000,0.317,51700000,5.86,8360.0 kg/m³,17.3,Specific Heat: 439; Tensile Strength: 517000000; Yield Strength: 345000000
LEAD,Custom,1.399635731E+010,0.42,4902172438,2.916e-005,11348.76413 kg/m³,33,Specific Heat: 128.7; Tensile Strength: 17995316.54
AIR,Custom,62300000256.000000,0.227000,25489999872.000000,0.000009,1.287116 kg/m³,1.007000,Specific Heat: 595.000000
NOTHING,Custom,N/A,N/A,N/A,N/A,1e-10 kg/m³,N/A,N/A
1145-H18 ALUMINUM,Custom,6.9E+010,0.33,2.6E+010,2.36e-005,2700.0 kg/m³,227,Specific Heat: 904; Tensile Strength: 145000000; Yield Strength: 115000000
2011 ALUMINUM,Custom,7E+010,0.33,2.6E+010,0.000023100000000,2820.0 kg/m³,152,Specific Heat: 864; Tensile Strength: 275000000; Yield Strength: 125000000
2011-T3 ALUMINUM,Custom,7.03E+010,0.33,2.6E+010,0.000022900000000,2830.0 kg/m³,151,Specific Heat: 880; Tensile Strength: 379000000; Yield Strength: 296000000
2024-T351 ALUMINUM,Custom,7.308444132E+010,0.33,2.799271998E+010,2.322e-005,2767.991252 kg/m³,121,Specific Heat: 875.0412; Tensile Strength in X: 468843585.8; Yield Strength: 324053654.9
2024-T4 ALUMINUM,Custom,7.24E+010,0.33,2.8E+010,2.32e-005,2780.0 kg/m³,120,Specific Heat: 875; Tensile Strength in X: 470000000; Yield Strength: 325000000
2024-T6 ALUMINUM,Custom,7.239496546E+010,0.33,2.702745377E+010,2.322e-005,2767.991252 kg/m³,151,Specific Heat: 875.0412; Tensile Strength in X: 426785558.3; Yield Strength: 344737930.8
3003 ALUMINUM,Custom,69000003584.000000,0.330000,25999998976.000000,0.000024,2700.0 kg/m³,170.000000,Specific Heat: 1300.000000; Tensile Strength: 124084000.000000; Yield Strength: 55148500.000000
6061-T6 ALUMINUM,Custom,6.899998632E+10,0.33,2.599999684E+10,0.000023400000000,2700.001083 kg/m³,170,Specific Heat: 896; Tensile Strength: 310000000; Yield Strength: 275000000
6061-T651 ALUMINUM,Custom,6.900000358E+010,0.33,2.599999898E+010,0.000023600000000,2700.0 kg/m³,170,Specific Heat: 1300; Tensile Strength: 124084000; Yield Strength: 55148500
6061-T6511 ALUMINUM,Custom,6.899998632E+10,0.33,2.599999684E+10,2.36e-05,2700.001083 kg/m³,170,Specific Heat: 1300; Tensile Strength: 310000000; Yield Strength: 275000000
6063 ALUMINUM,Custom,69000003584.000000,0.330000,25999998976.000000,0.000024,2700.0 kg/m³,170.000000,Specific Heat: 1300.000000; Tensile Strength: 124084000.000000; Yield Strength: 55148500.000000
7075-T6 ALUMINUM,Custom,7.17E+010,0.33,2.599999898E+010,2.4e-005,2810.0 kg/m³,170,Specific Heat: 1300; Tensile Strength in X: 524000000; Yield Strength: 462000000
7075-T73 ALUMINUM,Custom,7.2E+010,0.33,2.69E+010,0.000021600000000,2810.0 kg/m³,155,Specific Heat: 960; Tensile Strength: 505000000; Yield Strength: 435000000
ALPASE K100-S ALUMINUM,Custom,71016000.15,0.33,N/A,2.376e-005,2657.271602 kg/m³,140.189535,Tensile Strength: 282685049.1; Yield Strength: 124105631.3
MIC6 ALUMINUM,Custom,71016013734.615753,0.330000,27000012631.556309,0.000013000000000,2700.001083 kg/m³,142.000000,Specific Heat: 900.000000; Tensile Strength: 165474206.760270; Yield Strength: 103421379.225169
7075-T7351 ALUMINUM BAR,Custom,7.1E+010,0.33,2.69E+010,2.16e-005,2800.0 kg/m³,155,Specific Heat: 960; Tensile Strength: 434000000; Compressive Strength: 7.24E+010; Yield Strength: 435000000
ALUMINUM,Custom,6.899998632E+010,0.33,N/A,N/A,2700.001083 kg/m³,N/A,N/A
15-5 PH STAINLESS STEEL,Custom,N/A,N/A,N/A,10.8,7800.0 kg/m³,17.9,Tensile Strength: 1441004275
17-4 PH STAINLESS STEEL,Custom,1.999479931E+011,0.3,7.722129818E+010,11.9,7750.375488 kg/m³,24.700001,Specific Heat: 515; Tensile Strength: 999739968; Yield Strength: 710160128
17-4 PH 1150 SS,Custom,1.999479931E+011,0.3,7.722129818E+010,11.9,7750.375488 kg/m³,24.700001,Specific Heat: 515; Tensile Strength: 999739968; Yield Strength: 710160128
17-7 PH STAINLESS STEEL,Custom,199947993088.000000,0.300000,77221298176.000000,0.000006,7750.375488 kg/m³,24.700001,Specific Heat: 515.000000; Tensile Strength: 999739968.000000; Yield Strength: 710160128.000000
18-8 STAINLESS STEEL,Custom,199947993088.000000,0.300000,77221298176.000000,0.000006,7750.375488 kg/m³,24.700001,Specific Heat: 515.000000; Tensile Strength: 999739968.000000; Yield Strength: 710160128.000000
300 SERIES STAINLESS STEEL,Custom,2000000000,0.394,318900000,N/A,8000.0 kg/m³,0.2256,Specific Heat: 1386; Tensile Strength in X: 30000000
302 STAINLESS STEEL,Custom,7.101601382E+010,0.33,7.722129818E+010,9.6e-005,7999.494629 kg/m³,142,Specific Heat: 900; Tensile Strength in X: 619838784; Yield Strength: 239937600; 300 SERIES STAINLESS STEEL:
303 STAINLESS STEEL,Custom,71016013824.000000,0.330000,77221296488.125870,0.000096,7999.494718 kg/m³,142.000000,Specific Heat: 900.000000; Tensile Strength: 619838799.489510; Yield Strength: 239937599.802391
304 STAINLESS STEEL,Custom,71016013824.000000,0.330000,77221298176.000000,0.000096,7999.494629 kg/m³,142.000000,Specific Heat: 900.000000; Tensile Strength: 619838784.000000; Yield Strength: 239937600.000000
304N STAINLESS STEEL,Custom,1.93E+011,0.33,318900000,18.9,8000.0 kg/m³,0.2256,Specific Heat: 500; Tensile Strength in X: 620000000; Yield Strength: 330000000
316 STAINLESS STEEL,Custom,1.93E+011,0.285,7.7E+010,1.6e-005,8000.0 kg/m³,16.3,Specific Heat: 500; Tensile Strength in X: 580000000; Yield Strength: 250000000
400 SERIES S.S,Custom,71016013824.000000,0.330000,77221298176.000000,0.000096,7999.494629 kg/m³,142.000000,Specific Heat: 900.000000; Tensile Strength: 619838784.000000; Yield Strength: 239937600.000000
410 STAINLESS STEEL,Custom,1.999479998E+011,0.33,7.722129649E+010,9.9e-006,7805.73533 kg/m³,24.9,Specific Heat: 460; Tensile Strength in X: 1525120606; Yield Strength: 1225198606
416 STAINLESS STEEL,Custom,2E+011,0.33,8.3E+010,9.9e-006,7800.0 kg/m³,24.9,Specific Heat: 460; Tensile Strength in X: 515000000; Yield Strength: 275000000
430 SERIES STAINLESS STEEL,Custom,1.999999481E+011,0.28,6.499997967E+010,0.000010500000000,7800.0 kg/m³,27,Specific Heat: 490; Tensile Strength: 475000514.4; Compressive Strength: 289993491.9; Yield Strength: 274997394.8
440 STAINLESS STEEL,Custom,71016013824.000000,0.330000,77221298176.000000,0.000096,7999.494629 kg/m³,142.000000,Specific Heat: 900.000000; Tensile Strength: 619838784.000000; Yield Strength: 239937600.000000
440C STAINLESS STEEL,Custom,2.04084816E+011,0.283,8.411603901E+010,0.000010200000000,7805.73533 kg/m³,24.2,Specific Heat: 460; Tensile Strength: 758423302.6; Yield Strength: 450227651.4
455 STAINLESS STEEL,Custom,199947999835.325930,0.300000,77221296488.125870,0.000006,7750.375505 kg/m³,24.700000,Specific Heat: 515.000000; Tensile Strength: 999739999.176630; Yield Strength: 710160137.346158
"AISI 1018 STEEL, COLD DRAWN",Custom,2.047742917E+011,0.29,7.997918464E+010,N/A,7861.095155 kg/m³,51.9,Specific Heat: 485.669; Tensile Strength in X: 439885515.5; Yield Strength: 370248466.8
AISI 4150 STEEL,Custom,199947993088.000000,0.300000,77221298176.000000,0.000006,7750.375488 kg/m³,24.700001,Specific Heat: 515.000000; Tensile Strength: 999739968.000000; Yield Strength: 710160128.000000
INVAR-36,Custom,1.475478344E+011,0.29,7.722129818E+010,0.000001300000000,8049.318359 kg/m³,11.1,Specific Heat: 515; Tensile Strength: 448000736; Yield Strength: 275997184
SUPER INVAR 32-5,Custom,1.45E+011,0.29,N/A,8.4e-007,8137.89 kg/m³,10,Specific Heat: 502.416; Tensile Strength: 482633010.7; Yield Strength: 275790291.8
CARBON STEEL,Custom,0.21E+12,0.28,0.79E+11,0.13E-4,7800.0 kg/m³,43.,Specific Heat: 0.44E+03; Tensile Strength: 3.99826E+8; Yield Strength: 2.20594E+8; Financial Impact: 0.614 USD/kg
ASTM A36 STEEL,Custom,1.999479616E+11,0.26,7.928970891E+10,1.5e-05,7861.095155 kg/m³,47,Specific Heat: 420; Tensile Strength: 420507000; Yield Strength: 250279689.9
BOROSILICATE,Custom,62750000000.000000,0.200000,28085999616.000000,0.000003,2180.0 kg/m³,1.200000,Specific Heat: 821.000000
CAF2,Custom,6.5E+10,0.261,2.549E+10,9e-06,3180.0 kg/m³,1.011,Specific Heat: 595; NDNOM: 12345 SOMETHINGS
CORNING 7056,Custom,6400000000.000000,0.210000,2700000000.000000,0.000005,2290.0 kg/m³,0.895000,Specific Heat: 830.000000
FUSED SILICA,Custom,9.099999642E+010,0.24,2.808599962E+010,5.1e-007,2200.0 kg/m³,1.64,Specific Heat: 821; Yield Strength: 48000000
NG-1,Custom,0.20E+10,0.394,0.3189E+09,N/A,1020.0 kg/m³,0.2256,Specific heat: 0.1386E+04; Tensile strength: 0.30E+08
PYREX,Custom,90999996416.000000,0.278000,28085999616.000000,0.000007,3710.0 kg/m³,1.640000,Specific Heat: 574.000000
SAPPHIRE,Custom,9.099999642E+010,0.24,2.808599962E+010,0.000007000000000,2200.0 kg/m³,1.64,Specific Heat: 821
SILICON,Custom,65000001536.000000,0.261000,25489999872.000000,0.000009,3370.0 kg/m³,1.011000,Specific Heat: 595.000000
UG-1,Custom,90999996416.000000,0.206000,28085999616.000000,0.000007,2770.0 kg/m³,1.114000,Specific Heat: 858.000000
ULE,Custom,6770000000.000000,0.176000,26200000000.000000,0.000000,22000.0 kg/m³,1.310000,Specific Heat: 766.000000
ZERODUR,Custom,9.0321338E+010,0.243,8.2047631E+010,0,2530.0 kg/m³,1.46,Specific Heat: 820; Tensile Strength: 564680700; Yield Strength: 250279740
ZIRCONIA,Custom,200000000000.000000,0.220000,90407002112.000000,0.000012,5680.001088 kg/m³,1.675000,Specific Heat: 877.960022; Tensile Strength: 172340000.000000; Compressive Strength: 551489984.000000
BOROFLOAT,Custom,6.275E+010,0.2,2.808599962E+010,3e-006,2180.0 kg/m³,1.2,Specific Heat: 821; QUARTZ:
QUARTZ,Custom,0.000000000000000,0.2,0.000000000000000,3e-006,2180.0 kg/m³,1.2,Specific Heat: 821
SUPRASIL,Custom,7E+010,0.17,0,5.1e-007,2200.0 kg/m³,1.38,Specific Heat: 772; Tensile Strength: 50000000; Compressive Strength: 1150000000
SUPRASIL 312 ,Custom,7E+010,0.17,0,5.1e-007,2200.0 kg/m³,1.38,Specific Heat: 772; Tensile Strength: 50000000; Compressive Strength: 1150000000
KBr,Custom,N/A,0.138,N/A,N/A,2753.0 kg/m³,N/A,N/A
SODA LIME FLOAT GLASS,Custom,7.2E+010,0.23,N/A,8.3e-006,2530.0 kg/m³,0.937,Specific Heat: 880
SUPRASIL 2 GRADE A,Custom,70000,0.17,N/A,N/A,2200.0 kg/m³,1.38,Tensile Strength: 50; Compressive Strength: 1150
UV FUSED SILICA,Custom,9.099999642E+10,0.24,3.1E+10,N/A,2200.0 kg/m³,1.38,Specific Heat: 770; Tensile Strength: 5.4E+10
AMTIR-1,Custom,130000000000.000000,0.300000,50000000000.000000,N/A,4400.0 kg/m³,64.000000,Specific Heat: 321.900000; Tensile Strength: 30000000.000000
CLEARTRAN (ZnS),Custom,74500000000.000000,0.280000,318900000000000.000000,N/A,4090.0 kg/m³,27.200000,Specific Heat: 515.000000; Tensile Strength: 30000000000000.000000
GERMANIUM,Custom,91000000000.000000,0.240000,28086000000.000000,0.000002300000000,5300.0 kg/m³,1.640000,Specific Heat: 821.000000
ZINC SELENIDE,Custom,70326500000.000000,0.280000,28086000000.000000,0.000007000000000,5264.0 kg/m³,16.000000,Specific Heat: 339.000000
SUPRASIL 312,Custom,9.1E+010,0.24,2.8086E+010,7e-006,2200.0 kg/m³,1.64,Specific Heat: 821
INFRASIL 301,Custom,2000000000,0.394,318900000,N/A,1020.0 kg/m³,0.2256,Specific Heat: 1386; Tensile Strength: 30000000
INFRASIL 302,Custom,0.20E+10,0.394,0.3189E+09,N/A,1020.0 kg/m³,0.2256,Specific heat: 0.1386E+04; Tensile strength: 0.30E+08
NYLON 6/6,Custom,1310004137,0.41,44815931,N/A,1134.88 kg/m³,0.26,Specific Heat: 1670; Tensile Strength in X: 3998599.97
PMMA,Custom,3100006144.000000,0.385900,2620004352.000000,N/A,1419.979492 kg/m³,0.370000,Specific Heat: 1470.000000; Tensile Strength: 68999936.000000
REXOLITE,Custom,3100006144.000000,0.385900,2620004352.000000,N/A,1419.979492 kg/m³,0.370000,Specific Heat: 1470.000000; Tensile Strength: 68999936.000000
ACRYLIC,Custom,3100006144.000000,0.385900,2620004352.000000,N/A,1419.979492 kg/m³,0.370000,Specific Heat: 1470.000000; Tensile Strength: 68999936.000000
POLYCARBONATE,Custom,3100006144,0.3859,2620004352,N/A,1419.98 kg/m³,0.37,Specific Heat: 1470; Tensile Strength in X: 68999936
OIL FILLED NYLON,Custom,3100006144.000000,0.410000,89631864.000000,N/A,1431.051514 kg/m³,0.370000,Specific Heat: 1470.000000; Tensile Strength: 86184480.000000
VESPEL,Custom,3100006144.000000,0.410000,89631864.000000,N/A,1431.051514 kg/m³,0.370000,Specific Heat: 1470.000000; Tensile Strength: 86184480.000000
BLACK DELRIN,Custom,3100006200,0.3859,2620004340,N/A,1419.979512 kg/m³,0.37,Specific Heat: 1470; Tensile Strength in X: 68999938
ARTUS PLASTIC SHIM STOCK,Custom,1999997105.249385,0.394000,318899822.840807,N/A,1019.99924 kg/m³,0.225600,Specific Heat: 1386.000000; Tensile Strength: 29999991.052534
ULTEM 1000  BLK,Custom,3510000000,0.3,N/A,5.58e-005,1270.0 kg/m³,0.22,Tensile Strength in X: 110000000; Yield Strength: 165000000
ZEONNEX E48R,Custom,2500000000,0.3,2620004352,7e-005,1010.0 kg/m³,N/A,Tensile Strength in X: 71000000
DELRIN 150 NC010,Custom,2900000000,0,N/A,N/A,1420.0 kg/m³,N/A,Tensile Strength: 3100000000
TEFLON FEP FILM,Custom,480000000,N/A,N/A,1,2150.0 kg/m³,0.195,Specific Heat: 1172; Tensile Strength: 21; Yield Strength: 12000000
POLYLACTIC ACID (PLA) BIOPOLYMER,Custom,3500000000,0.36,1287000000,N/A,1251.5 kg/m³,0.111,Specific Heat: 1590; Tensile Strength: 59000000; Yield Strength: 70000000
BUNA-N,Custom,N/A,N/A,N/A,N/A,989.9388553 kg/m³,N/A,Tensile Strength in X: 6205282.754
SILICONE 70,Custom,0.20E+10,0.394,0.3189E+09,N/A,1020.0 kg/m³,0.2256,Specific heat: 0.1386E+04; Tensile strength: 0.30E+08
DYMAX OP-29,Custom,241316505.4,0.33,N/A,0.000095000000000,1050.0 kg/m³,N/A,Tensile Strength in X: 20684271.89
736 RED RTV,Custom,N/A,N/A,N/A,N/A,1040.764711 kg/m³,N/A,Tensile Strength in X: 2400065.474
732 BLACK RTV,Custom,N/A,N/A,N/A,N/A,1040.764711 kg/m³,N/A,Tensile Strength in X: 2300091.474
3M 2216 B/A,Custom,1,0.47,17021000,0.000102,1800.0 kg/m³,0.394,Specific Heat: 500; Tensile Strength: 18546897; :; :
CONAP EN-11,Custom,1500000,0.4,N/A,0.00022,2767.991252 kg/m³,N/A,Tensile Strength in X: 20684271.89
DYMAX OP-4,Custom,5516000000,0.3,N/A,9.10008e-005,2768.0 kg/m³,N/A,Tensile Strength in X: 61360000; Compressive Strength in X: 15170000
3M DP110 A/B GREY,Custom,N/A,N/A,N/A,0.000165,1100.0 kg/m³,0.104,Tensile Strength in X: 22000000
NuSil SCV2-2590,Custom,N/A,0.16,N/A,0.00049,1040.0 kg/m³,N/A,Tensile Strength: 3280000
NuSil CV-2566,Custom,N/A,0.49,N/A,0.00049,1040.0 kg/m³,N/A,Tensile Strength: 3280000
Hexcel AS4C (3000 Filaments),Custom,2.31E+011,N/A,N/A,N/A,1780.0 kg/m³,N/A,Tensile Strength in X: 4150000000
Thornel Mat VMA,Custom,1.7E+011,N/A,N/A,N/A,2000.0 kg/m³,0.41,Tensile Strength in X: 1400000000
Thornel VCB-20 Carbon Cloth,Custom,N/A,N/A,N/A,N/A,1880.0 kg/m³,N/A,N/A
Zoltek Panex 33,Custom,N/A,0.1,N/A,N/A,1810.0 kg/m³,N/A,N/A
Graphtek Unidirectional Pultruded,Custom,N/A,0.1,65500000,N/A,1490.0 kg/m³,N/A,Tensile Strength in X: 1379000000
GRANITE,Custom,2E+010,0.394,318900000,3.7,2600.0 kg/m³,1.2,Specific Heat: 0.21; Tensile Strength in X: 10000000
NEODYMIUM-IRON-BORON,Custom,N/A,0.24,N/A,3.4,7500.0 kg/m³,7.7,Specific Heat: 1386; Compressive Strength: 780
C260 Brass,Custom,1.103161167E+011,N/A,N/A,19.98,8525.413055 kg/m³,121,N/A
Garolite G-10 Fiberglass Epoxy Laminate,Custom,0.20E+10,0.394,0.3189E+09,N/A,1020.0 kg/m³,0.2256,Specific heat: 0.1386E+04; Tensile strength: 0.30E+08
HOQ 310,Optical,7.25E+010,0.17,3.0983E+010,5.1e-007,2200.0 kg/m³,1.38,Specific Heat: 772; Tensile Strength: 50000000; Compressive Strength: 1150000000
Infrasil 301,Optical,7.25E+010,0.17,3.0983E+010,5.1e-007,2200.0 kg/m³,1.38,Specific Heat: 772; Tensile Strength: 50000000; Compressive Strength: 1150000000
Infrasil 302,Optical,7.25E+010,0.17,3.0983E+010,5.1e-007,2200.0 kg/m³,1.38,Specific Heat: 772; Tensile Strength: 50000000; Compressive Strength: 1150000000
Spectrosil 2000,Optical,7.25E+010,0.17,3.0983E+010,5.1e-007,2200.0 kg/m³,1.38,Specific Heat: 772; Tensile Strength: 50000000; Compressive Strength: 1150000000
Suprasil 1,Optical,7.25E+010,0.17,3.0983E+010,5.1e-007,2200.0 kg/m³,1.38,Specific Heat: 772; Tensile Strength: 50000000; Compressive Strength: 1150000000
Suprasil 1 ArF/KrF,Optical,7.25E+010,0.17,3.0983E+010,5.1e-007,2200.0 kg/m³,1.38,Specific Heat: 772; Tensile Strength: 50000000; Compressive Strength: 1150000000
Suprasil 2 ArF/KrF,Optical,7.25E+010,0.17,3.0983E+010,5.1e-007,2200.0 kg/m³,1.38,Specific Heat: 772; Tensile Strength: 50000000; Compressive Strength: 1150000000
SUPRASIL 2A,Optical,7.25E+010,0.17,3.0983E+010,5.1e-007,2200.0 kg/m³,1.38,Specific Heat: 772; Tensile Strength: 50000000; Compressive Strength: 1150000000
Suprasil 2B,Optical,7.25E+010,0.17,3.0983E+010,5.1e-007,2200.0 kg/m³,1.38,Specific Heat: 772; Tensile Strength: 50000000; Compressive Strength: 1150000000
Suprasil 300,Optical,7.25E+010,0.17,3.0983E+010,5.1e-007,2200.0 kg/m³,1.38,Specific Heat: 772; Tensile Strength: 50000000; Compressive Strength: 1150000000
Suprasil 311,Optical,7.25E+010,0.17,3.0983E+010,5.1e-007,2200.0 kg/m³,1.38,Specific Heat: 772; Tensile Strength: 50000000; Compressive Strength: 1150000000
Suprasil 312,Optical,7.25E+010,0.17,3.0983E+010,5.1e-007,2200.0 kg/m³,1.38,Specific Heat: 772; Tensile Strength: 50000000; Compressive Strength: 1150000000
Suprasil 313,Optical,7.25E+010,0.17,3.0983E+010,5.1e-007,2200.0 kg/m³,1.38,Specific Heat: 772; Tensile Strength: 50000000; Compressive Strength: 1150000000
Suprasil 3001,Optical,7.25E+010,0.17,3.0983E+010,5.1e-007,2200.0 kg/m³,1.38,Specific Heat: 772; Tensile Strength: 50000000; Compressive Strength: 1150000000
Suprasil 3002,Optical,7.25E+010,0.17,3.0983E+010,5.1e-007,2200.0 kg/m³,1.38,Specific Heat: 772; Tensile Strength: 50000000; Compressive Strength: 1150000000
Suprasil 3301,Optical,7.25E+010,0.17,3.0983E+010,5.1e-007,2200.0 kg/m³,1.38,Specific Heat: 772; Tensile Strength: 50000000; Compressive Strength: 1150000000
Suprasil 3302,Optical,7.25E+010,0.17,3.0983E+010,5.1e-007,2200.0 kg/m³,1.38,Specific Heat: 772; Tensile Strength: 50000000; Compressive Strength: 1150000000
Suprasil CG,Optical,7.25E+010,0.17,3.0983E+010,5.1e-007,2200.0 kg/m³,1.38,Specific Heat: 772; Tensile Strength: 50000000; Compressive Strength: 1150000000
Suprasil UVL,Optical,7.25E+010,0.17,3.0983E+010,5.1e-007,2200.0 kg/m³,1.38,Specific Heat: 772; Tensile Strength: 50000000; Compressive Strength: 1150000000
OHARA L-BAL35,Optical,1.008E+011,0.252,4.03E+010,0.000006600000000,2820.0 kg/m³,1.126,N/A
OHARA L-BAL42,Optical,8.91E+010,0.247,3.57E+010,0.000007200000000,3050.0 kg/m³,1.028,N/A
OHARA L-BAL43,Optical,9.04E+010,0.25,3.62E+010,0.000007200000000,3050.0 kg/m³,1.028,N/A
OHARA L-BBH1,Optical,6.88E+010,0.268,2.72E+010,0.000010700000000,6570.0 kg/m³,0.653,N/A
OHARA L-BBH2,Optical,7.5E+010,0.269,2.96E+010,0.000008400000000,6740.0 kg/m³,0.64,N/A
OHARA L-BSL7,Optical,7.93E+010,0.214,3.27E+010,0.000005800000000,2380.0 kg/m³,1.169,N/A
OHARA L-LAH53,Optical,1.151E+011,0.298,4.43E+010,0.000005900000000,4490.0 kg/m³,0.862,N/A
OHARA L-LAH81,Optical,1.127E+011,0.3,4.34E+010,0.000005800000000,4530.0 kg/m³,0.86,N/A
OHARA L-LAH83,Optical,1.271E+011,0.299,4.89E+010,6.8e-006,5290.0 kg/m³,0.894,N/A
OHARA L-LAH84,Optical,1.116E+011,0.303,4.28E+010,0.000006400000000,4620.0 kg/m³,0.875,N/A
OHARA L-LAH85,Optical,1.261E+011,0.296,4.87E+010,0.000006500000000,5090.0 kg/m³,0.881,N/A
OHARA L-LAH85V,Optical,N/A,N/A,N/A,6.3e-006,5250.0 kg/m³,0.819,N/A
OHARA L-LAH86,Optical,1.088E+011,0.302,4.18E+010,0.000006100000000,4900.0 kg/m³,0.838,N/A
OHARA L-LAH87,Optical,1.147E+011,0.301,4.41E+010,0.000007100000000,4340.0 kg/m³,0.92,N/A
OHARA L-LAH90,Optical,1.148E+011,0.304,4.4E+010,0.000006300000000,4650.0 kg/m³,0.839,N/A
OHARA L-LAH91,Optical,1.144E+011,0.301,4.39E+010,0.000005700000000,4290.0 kg/m³,0.841,N/A
OHARA L-LAL12,Optical,1.096E+011,0.28,4.28E+010,0.000007600000000,3480.0 kg/m³,0.925,N/A
OHARA L-LAL13,Optical,1.078E+011,0.285,4.19E+010,0.000007600000000,3690.0 kg/m³,0.887,N/A
OHARA L-LAM60,Optical,1.147E+011,0.289,4.45E+010,0.000007400000000,4200.0 kg/m³,0.876,N/A
OHARA L-LAM69,Optical,1.133E+011,0.273,4.45E+010,0.000008600000000,3240.0 kg/m³,1.114,N/A
OHARA L-LAM72,Optical,1.182E+011,0.283,4.6E+010,0.000006600000000,3890.0 kg/m³,N/A,N/A
OHARA L-NBH54,Optical,1.093E+011,0.205,4.54E+010,0.000008100000000,3640.0 kg/m³,1.184,N/A
OHARA L-PHL1,Optical,6.89E+010,0.28,2.3E+010,0.000010500000000,3180.0 kg/m³,0.627,N/A
OHARA L-PHL2,Optical,6.45E+010,0.272,2.53E+010,0.000009900000000,3030.0 kg/m³,0.683,N/A
OHARA L-TIH53,Optical,N/A,N/A,N/A,0.000007800000000,3340.0 kg/m³,1.044,N/A
OHARA L-TIM28,Optical,8.45E+010,0.254,3.37E+010,0.000010100000000,2880.0 kg/m³,1.02,N/A
OHARA S-BAH10,Optical,9.62E+010,0.273,3.78E+010,0.000006800000000,3480.0 kg/m³,0.902,N/A
OHARA S-BAH11,Optical,9.29E+010,0.274,3.65E+010,0.000006900000000,3590.0 kg/m³,0.858,N/A
OHARA S-BAH27,Optical,9.36E+010,0.272,3.68E+010,0.000006400000000,3670.0 kg/m³,0.869,N/A
OHARA S-BAH28,Optical,9.11E+010,0.213,3.75E+010,0.000006600000000,3670.0 kg/m³,0.889,N/A
OHARA S-BAH32,Optical,9.04E+010,0.26,3.59E+010,0.000006900000000,3260.0 kg/m³,0.921,N/A
OHARA S-BAL2,Optical,7.27E+010,0.245,2.92E+010,0.000009100000000,2890.0 kg/m³,0.901,N/A
OHARA S-BAL3,Optical,7.19E+010,0.249,2.88E+010,0.000009500000000,2980.0 kg/m³,0.864,N/A
OHARA S-BAL11,Optical,8.19E+010,0.237,3.31E+010,0.000006600000000,3020.0 kg/m³,0.974,N/A
OHARA S-BAL12,Optical,7.1E+010,0.161,3.06E+010,0.000008600000000,2750.0 kg/m³,0.982,N/A
OHARA S-BAL14,Optical,8.11E+010,0.24,3.27E+010,0.000008000000000,2890.0 kg/m³,0.967,N/A
OHARA S-BAL35,Optical,8.32E+010,0.25,3.33E+010,0.000005700000000,3310.0 kg/m³,0.915,N/A
OHARA S-BAL41,Optical,8.9E+010,0.242,3.58E+010,0.000007500000000,2780.0 kg/m³,1.043,N/A
OHARA S-BAL42,Optical,8.47E+010,0.246,3.4E+010,0.000006600000000,3190.0 kg/m³,0.974,N/A
OHARA S-BAM3,Optical,7.71E+010,0.242,3.11E+010,0.000008500000000,2750.0 kg/m³,0.965,N/A
OHARA S-BAM4,Optical,7.62E+010,0.244,3.06E+010,0.000008400000000,2910.0 kg/m³,0.931,N/A
OHARA S-BAM12,Optical,9.04E+010,0.253,3.61E+010,0.000007600000000,3180.0 kg/m³,0.954,N/A
OHARA S-BSL7,Optical,8E+010,0.205,3.32E+010,0.000007200000000,2520.0 kg/m³,1.13,N/A
OHARA S-BSM2,Optical,7.8E+010,0.264,3.09E+010,0.000006500000000,3530.0 kg/m³,0.802,N/A
OHARA S-BSM4,Optical,8.16E+010,0.265,3.22E+010,0.000006700000000,3570.0 kg/m³,0.836,N/A
OHARA S-BSM9,Optical,8.65E+010,0.264,3.42E+010,0.000006400000000,3220.0 kg/m³,0.916,N/A
OHARA S-BSM10,Optical,8.35E+010,0.266,3.3E+010,0.000006500000000,3600.0 kg/m³,0.822,N/A
OHARA S-BSM14,Optical,8.49E+010,0.257,3.38E+010,0.000006200000000,3430.0 kg/m³,0.891,N/A
OHARA S-BSM15,Optical,8.54E+010,0.265,3.38E+010,0.000006500000000,3600.0 kg/m³,0.845,N/A
OHARA S-BSM16,Optical,8.78E+010,0.262,3.48E+010,0.000006700000000,3590.0 kg/m³,0.835,N/A
OHARA S-BSM18,Optical,8.85E+010,0.268,3.49E+010,0.000007000000000,3690.0 kg/m³,0.815,N/A
OHARA S-BSM22,Optical,8.74E+010,0.265,3.45E+010,0.000006600000000,3240.0 kg/m³,0.916,N/A
OHARA S-BSM25,Optical,9.51E+010,0.272,3.74E+010,6.8e-006,3500.0 kg/m³,0.891,N/A
OHARA S-BSM28,Optical,8.53E+010,0.258,3.39E+010,0.000008400000000,3230.0 kg/m³,0.878,N/A
OHARA S-BSM71,Optical,8.62E+010,0.273,3.39E+010,0.000007100000000,3740.0 kg/m³,0.773,N/A
OHARA S-BSM81,Optical,1.057E+011,0.271,4.16E+010,0.000005800000000,3060.0 kg/m³,1.001,N/A
OHARA S-FPL51,Optical,7.27E+010,0.299,2.8E+010,0.000013100000000,3620.0 kg/m³,0.78,N/A
OHARA S-FPL53,Optical,6.91E+010,0.303,2.65E+010,0.000014500000000,3620.0 kg/m³,0.857,N/A
OHARA S-FPL55,Optical,6.98E+010,0.302,2.68E+010,0.000013600000000,3590.0 kg/m³,0.876,N/A
OHARA S-FPM2,Optical,7.57E+010,0.287,2.94E+010,0.000011700000000,4170.0 kg/m³,0.624,N/A
OHARA S-FPM3,Optical,8.06E+010,0.291,3.12E+010,0.000011500000000,3640.0 kg/m³,0.805,N/A
OHARA S-FSL5,Optical,6.23E+010,0.227,2.54E+010,0.000009000000000,2460.0 kg/m³,1.007,N/A
OHARA S-FTM16,Optical,6.53E+010,0.238,2.64E+010,0.000009000000000,2640.0 kg/m³,0.947,N/A
OHARA S-LAH51,Optical,1.129E+011,0.297,4.35E+010,0.000005900000000,4400.0 kg/m³,0.826,N/A
OHARA S-LAH52,Optical,1.119E+011,0.297,4.31E+010,0.000006000000000,4410.0 kg/m³,0.828,N/A
OHARA S-LAH53,Optical,1.127E+011,0.299,4.34E+010,0.000005900000000,4430.0 kg/m³,0.86,N/A
OHARA S-LAH55V,Optical,1.178E+011,0.253,4.7E+010,0.000006200000000,4730.0 kg/m³,0.853,N/A
OHARA S-LAH58,Optical,1.268E+011,0.301,4.87E+010,0.000006600000000,5520.0 kg/m³,0.827,N/A
OHARA S-LAH59,Optical,1.25E+011,0.298,4.82E+010,0.000006300000000,5070.0 kg/m³,0.816,N/A
OHARA S-LAH60,Optical,1.248E+011,0.296,4.81E+010,0.000005600000000,4430.0 kg/m³,0.872,N/A
OHARA S-LAH63,Optical,1.121E+011,0.295,4.33E+010,0.000005800000000,4340.0 kg/m³,0.849,N/A
OHARA S-LAH64,Optical,1.224E+011,0.294,4.37E+010,0.000006100000000,4300.0 kg/m³,0.856,N/A
OHARA S-LAH65V,Optical,1.22E+011,0.298,4.7E+010,0.000006000000000,4720.0 kg/m³,0.841,N/A
OHARA S-LAH66,Optical,1.219E+011,0.291,4.72E+010,0.000006200000000,4230.0 kg/m³,0.845,N/A
OHARA S-LAH71,Optical,1.1E+011,0.281,4.29E+010,0.000007700000000,4360.0 kg/m³,0.874,N/A
OHARA S-LAH79,Optical,1.255E+011,0.297,4.84E+010,0.000006000000000,5230.0 kg/m³,0.957,N/A
OHARA S-LAH88,Optical,1.135E+011,0.242,4.57E+010,0.000005700000000,4740.0 kg/m³,0.894,N/A
OHARA S-LAH89,Optical,1.208E+011,0.303,4.63E+010,6.8e-006,4700.0 kg/m³,0.861,N/A
OHARA S-LAH92,Optical,1.23E+011,0.306,4.71E+010,0.000007500000000,4870.0 kg/m³,0.873,N/A
OHARA S-LAL7,Optical,9.58E+010,0.271,3.77E+010,0.000006700000000,3730.0 kg/m³,0.825,N/A
OHARA S-LAL8,Optical,1.14E+011,0.289,4.42E+010,0.000006100000000,3790.0 kg/m³,0.894,N/A
OHARA S-LAL9,Optical,1.075E+011,0.287,4.18E+010,0.000006100000000,3630.0 kg/m³,0.895,N/A
OHARA S-LAL10,Optical,1.061E+011,0.294,4.1E+010,0.000006100000000,3860.0 kg/m³,0.85,N/A
OHARA S-LAL12,Optical,9.1E+010,0.284,3.54E+010,0.000007200000000,4010.0 kg/m³,0.717,N/A
OHARA S-LAL13,Optical,1.073E+011,0.29,4.16E+010,0.000005700000000,3600.0 kg/m³,0.893,N/A
OHARA S-LAL14,Optical,1.118E+011,0.284,4.35E+010,0.000005700000000,3700.0 kg/m³,0.908,N/A
OHARA S-LAL18,Optical,1.204E+011,0.289,4.67E+010,0.000005900000000,4180.0 kg/m³,0.871,N/A
OHARA S-LAL54,Optical,8.77E+010,0.277,3.43E+010,0.000007100000000,3820.0 kg/m³,0.761,N/A
OHARA S-LAL56,Optical,9.11E+010,0.28,3.56E+010,0.000006600000000,3850.0 kg/m³,0.778,N/A
OHARA S-LAL58,Optical,9.28E+010,0.285,3.61E+010,0.000007500000000,4030.0 kg/m³,0.728,N/A
OHARA S-LAL59,Optical,1.137E+011,0.293,4.4E+010,0.000005500000000,4040.0 kg/m³,0.863,N/A
OHARA S-LAL61,Optical,1.19E+011,0.291,4.61E+010,0.000005700000000,4040.0 kg/m³,0.861,N/A
OHARA S-LAM2,Optical,9.35E+010,0.295,3.61E+010,0.000007400000000,4320.0 kg/m³,0.698,N/A
OHARA S-LAM3,Optical,8.68E+010,0.294,3.35E+010,0.000008000000000,4250.0 kg/m³,0.655,N/A
OHARA S-LAM7,Optical,9.7E+010,0.273,3.81E+010,0.000006700000000,3810.0 kg/m³,0.871,N/A
OHARA S-LAM51,Optical,1.007E+011,0.278,3.94E+010,0.000007100000000,3790.0 kg/m³,0.867,N/A
OHARA S-LAM52,Optical,9.57E+010,0.278,3.74E+010,0.000007700000000,3950.0 kg/m³,0.801,N/A
OHARA S-LAM54,Optical,1.172E+011,0.292,4.54E+010,0.000005700000000,4080.0 kg/m³,0.891,N/A
OHARA S-LAM55,Optical,9.67E+010,0.292,3.74E+010,0.000007100000000,4220.0 kg/m³,0.741,N/A
OHARA S-LAM58,Optical,9.19E+010,0.279,3.59E+010,0.000006600000000,4000.0 kg/m³,0.771,N/A
OHARA S-LAM59,Optical,1.006E+011,0.277,3.94E+010,0.000007100000000,3770.0 kg/m³,0.847,N/A
OHARA S-LAM60,Optical,1.132E+011,0.294,4.38E+010,0.000005400000000,4060.0 kg/m³,0.845,N/A
OHARA S-LAM61,Optical,9.37E+010,0.29,3.63E+010,0.000006600000000,4100.0 kg/m³,0.732,N/A
OHARA S-LAM66,Optical,1.21E+011,0.28,4.73E+010,0.000007900000000,3550.0 kg/m³,1.062,N/A
OHARA S-NBH5,Optical,9.02E+010,0.248,3.61E+010,0.000006600000000,3020.0 kg/m³,0.965,N/A
OHARA S-NBH8,Optical,1.017E+011,0.25,4.07E+010,0.000008100000000,3190.0 kg/m³,1.052,N/A
OHARA S-NBH51,Optical,1.097E+011,0.253,4.38E+010,0.000007300000000,3290.0 kg/m³,1.124,N/A
OHARA S-NBH52,Optical,9.79E+010,0.236,3.96E+010,0.000008600000000,3090.0 kg/m³,1.115,N/A
OHARA S-NBH53,Optical,1.031E+011,0.236,4.17E+010,0.000006900000000,3280.0 kg/m³,1.117,N/A
OHARA S-NBH55,Optical,1.053E+011,0.269,4.15E+010,0.000008200000000,3680.0 kg/m³,0.994,N/A
OHARA S-NBH56,Optical,1.067E+011,0.249,4.27E+010,0.000007700000000,3490.0 kg/m³,1.12,N/A
OHARA S-NBH57,Optical,1.117E+011,0.275,4.38E+010,0.000007700000000,4000.0 kg/m³,0.988,N/A
OHARA S-NBM51,Optical,8.17E+010,0.243,3.29E+010,0.000006500000000,2930.0 kg/m³,0.904,N/A
OHARA S-NPH1,Optical,8.93E+010,0.25,3.57E+010,0.000008300000000,3290.0 kg/m³,0.882,N/A
OHARA S-NPH2,Optical,9.91E+010,0.249,3.97E+010,0.000006700000000,3580.0 kg/m³,0.969,N/A
OHARA S-NPH3,Optical,1.022E+011,0.243,4.11E+010,0.000005900000000,3590.0 kg/m³,1.007,N/A
OHARA S-NPH4,Optical,9.45E+010,0.254,3.77E+010,0.000007300000000,3610.0 kg/m³,0.925,N/A
OHARA S-NPH5,Optical,9.29E+010,0.256,3.7E+010,0.000007600000000,3710.0 kg/m³,0.877,N/A
OHARA S-NPH53,Optical,8.86E+010,0.258,3.52E+010,0.000007400000000,3780.0 kg/m³,0.83,N/A
OHARA S-NSL3,Optical,7E+010,0.217,2.88E+010,0.000009000000000,2480.0 kg/m³,1.026,N/A
OHARA S-NSL5,Optical,6.91E+010,0.14,3.03E+010,0.000008200000000,2490.0 kg/m³,1.058,N/A
OHARA S-NSL36,Optical,6.4E+010,0.139,2.81E+010,0.000008000000000,2460.0 kg/m³,1.089,N/A
OHARA S-PHM52,Optical,7.15E+010,0.292,2.77E+010,0.000010100000000,3670.0 kg/m³,0.599,N/A
OHARA S-PHM53,Optical,7.08E+010,0.285,2.75E+010,0.000009300000000,3510.0 kg/m³,0.615,N/A
OHARA S-TIH1,Optical,8.84E+010,0.247,3.55E+010,0.000008200000000,3060.0 kg/m³,1.018,N/A
OHARA S-TIH3,Optical,9.08E+010,0.254,3.62E+010,0.000008500000000,3110.0 kg/m³,1.027,N/A
OHARA S-TIH4,Optical,9.19E+010,0.254,3.67E+010,0.000008500000000,3150.0 kg/m³,1.01,N/A
OHARA S-TIH6,Optical,9.31E+010,0.261,3.69E+010,0.000008900000000,3370.0 kg/m³,1.011,N/A
OHARA S-TIH10,Optical,1.024E+011,0.243,4.12E+010,0.000008000000000,3060.0 kg/m³,1.043,N/A
OHARA S-TIH11,Optical,9.12E+010,0.255,3.63E+010,0.000008900000000,3240.0 kg/m³,1.017,N/A
OHARA S-TIH13,Optical,8.99E+010,0.249,3.6E+010,0.000008300000000,3100.0 kg/m³,1.034,N/A
OHARA S-TIH14,Optical,8.88E+010,0.254,3.54E+010,0.000008700000000,3170.0 kg/m³,1.027,N/A
OHARA S-TIH18,Optical,8.91E+010,0.248,3.57E+010,0.000008300000000,3070.0 kg/m³,1.029,N/A
OHARA S-TIH23,Optical,9.22E+010,0.26,3.66E+010,0.000008800000000,3300.0 kg/m³,0.992,N/A
OHARA S-TIH53,Optical,9.6E+010,0.266,3.79E+010,0.000008800000000,3540.0 kg/m³,1,N/A
OHARA S-TIH53W,Optical,9.6E+010,0.266,3.79E+010,0.000008800000000,3540.0 kg/m³,1,N/A
OHARA S-TIL1,Optical,7.05E+010,0.222,2.88E+010,0.000008600000000,2540.0 kg/m³,1.039,N/A
OHARA S-TIL2,Optical,6.99E+010,0.22,2.86E+010,0.000008200000000,2520.0 kg/m³,1.051,N/A
OHARA S-TIL6,Optical,6.48E+010,0.146,2.83E+010,0.000008200000000,2500.0 kg/m³,1.059,N/A
OHARA S-TIL25,Optical,7.53E+010,0.22,3.09E+010,0.000007400000000,2590.0 kg/m³,1.054,N/A
OHARA S-TIL26,Optical,7.39E+010,0.222,3.02E+010,0.000007900000000,2570.0 kg/m³,1.054,N/A
OHARA S-TIL27,Optical,7.49E+010,0.217,3.08E+010,0.000007400000000,2580.0 kg/m³,1.07,N/A
OHARA S-TIM1,Optical,7.86E+010,0.234,3.19E+010,8.1,2710.0 kg/m³,1.043,N/A
OHARA S-TIM2,Optical,7.76E+010,0.23,3.15E+010,0.000008100000000,2690.0 kg/m³,1.394,N/A
OHARA S-TIM3,Optical,7.79E+010,0.229,3.17E+010,0.000007700000000,2670.0 kg/m³,1.044,N/A
OHARA S-TIM5,Optical,7.63E+010,0.233,3.09E+010,0.000008300000000,2630.0 kg/m³,1.04,N/A
OHARA S-TIM8,Optical,7.5E+010,0.231,3.05E+010,0.000008400000000,2630.0 kg/m³,1.034,N/A
OHARA S-TIM22,Optical,7.98E+010,0.238,3.22E+010,0.000008300000000,2790.0 kg/m³,1.024,N/A
OHARA S-TIM25,Optical,8.41E+010,0.236,3.4E+010,0.000007900000000,2910.0 kg/m³,1.046,N/A
OHARA S-TIM27,Optical,7.93E+010,0.236,3.21E+010,0.000008000000000,2760.0 kg/m³,1.035,N/A
OHARA S-TIM28,Optical,8.55E+010,0.242,3.44E+010,0.000008200000000,2980.0 kg/m³,1.006,N/A
OHARA S-TIM35,Optical,8.75E+010,0.238,3.53E+010,0.000007500000000,2960.0 kg/m³,1.049,N/A
OHARA S-TIM39,Optical,8.17E+010,0.246,3.28E+010,0.000008700000000,2920.0 kg/m³,0.988,N/A
OHARA S-YGH51,Optical,1.222E+011,0.291,4.73E+010,0.000005800000000,4400.0 kg/m³,0.842,N/A
SCHOTT BAFN6,Optical,7.7E+010,0.234,3.1199E+010,7.8e-006,3170.0 kg/m³,N/A,N/A
SCHOTT BK7G18,Optical,8.2E+010,0.205,3.4025E+010,7e-006,2520.0 kg/m³,1.19,Specific Heat: 820
SCHOTT F2,Optical,5.7E+010,0.22,2.3361E+010,0.000008200000000,3599.0 kg/m³,0.78,Specific Heat: 557
SCHOTT F2G12,Optical,5.756E+010,0.222,2.3552E+010,0.000008080000000,3601.0 kg/m³,0.82,Specific Heat: 530
SCHOTT F2HT,Optical,5.7E+010,0.22,2.3361E+010,0.000008200000000,3599.0 kg/m³,0.78,Specific Heat: 557
SCHOTT F5,Optical,5.8E+010,0.22,2.377E+010,0.000008000000000,3470.0 kg/m³,0.88,Specific Heat: 560
SCHOTT FK3,Optical,4.6E+010,0.243,1.8504E+010,0.000008200000000,2270.0 kg/m³,0.9,Specific Heat: 840
SCHOTT FK5HTi,Optical,6.2E+010,0.232,2.5162E+010,0.000009200000000,2450.0 kg/m³,0.925,Specific Heat: 808
SCHOTT K5G20,Optical,6.8E+010,0.222,2.7823E+010,0.000008990000000,2593.0 kg/m³,1,Specific Heat: 790
SCHOTT K10,Optical,6.5E+010,0.19,2.7311E+010,0.000006500000000,2520.0 kg/m³,1.12,Specific Heat: 770
SCHOTT K7,Optical,6.9E+010,0.214,2.8418E+010,0.000008400000000,2530.0 kg/m³,N/A,N/A
SCHOTT KZFS12,Optical,6.6E+010,0.279,2.5801E+010,0.000005180000000,3836.0 kg/m³,0.71,Specific Heat: 540
SCHOTT KZFSN5,Optical,6.5E+010,0.275,2.549E+010,0.000004500000000,3460.0 kg/m³,N/A,N/A
SCHOTT LAFN7,Optical,8E+010,0.28,3.125E+010,0.000005300000000,4380.0 kg/m³,0.77,N/A
SCHOTT LAK9G15,Optical,1.0783E+011,0.288,4.1859E+010,0.000006340000000,3525.0 kg/m³,0.88,Specific Heat: 660
SCHOTT LASF35,Optical,1.32E+011,0.303,5.0652E+010,0.000007400000000,5410.0 kg/m³,0.92,Specific Heat: 445
SCHOTT LF5,Optical,5.9E+010,0.223,2.4121E+010,0.000009100000000,3220.0 kg/m³,0.866,Specific Heat: 657
SCHOTT LF5G15,Optical,5.957E+010,0.228,2.4255E+010,0.000009300000000,3221.0 kg/m³,0.86,Specific Heat: 600
SCHOTT LF5G19,Optical,5.6E+010,0.242,2.2544E+010,0.000010700000000,3300.0 kg/m³,0.75,Specific Heat: 580
SCHOTT LF5HTi,Optical,5.9E+010,0.223,2.4121E+010,0.000009100000000,3220.0 kg/m³,0.866,Specific Heat: 657
SCHOTT LLF1,Optical,6E+010,0.208,2.4834E+010,0.000008100000000,2940.0 kg/m³,0.99,Specific Heat: 650
SCHOTT LLF1HTi,Optical,6E+010,0.208,2.4834E+010,0.000008100000000,2940.0 kg/m³,0.99,Specific Heat: 650
SCHOTT N-BAF3,Optical,8.2E+010,0.226,3.3442E+010,0.000007170000000,2792.0 kg/m³,1.04,Specific Heat: 760
SCHOTT N-BAF4,Optical,8.5E+010,0.231,3.4525E+010,0.000007240000000,2889.0 kg/m³,1.02,Specific Heat: 740
SCHOTT N-BAF10,Optical,8.9E+010,0.271,3.5012E+010,0.000006180000000,3745.0 kg/m³,0.78,Specific Heat: 560
SCHOTT N-BAF51,Optical,9.1E+010,0.262,3.6054E+010,0.000008370000000,3333.0 kg/m³,0.67,Specific Heat: 840
SCHOTT N-BAF52,Optical,8.6E+010,0.237,3.4762E+010,0.000006860000000,3045.0 kg/m³,0.96,Specific Heat: 680
SCHOTT N-BAK1,Optical,7.3E+010,0.252,2.9153E+010,0.000007600000000,3190.0 kg/m³,0.795,Specific Heat: 687
SCHOTT N-BAK2,Optical,7.1E+010,0.233,2.8792E+010,0.000008000000000,2860.0 kg/m³,0.92,Specific Heat: 690
SCHOTT N-BAK4,Optical,7.7E+010,0.24,3.1048E+010,0.000006990000000,3046.0 kg/m³,0.88,Specific Heat: 680
SCHOTT N-BAK4HT,Optical,7.7E+010,0.24,3.1048E+010,0.000006990000000,3046.0 kg/m³,0.88,Specific Heat: 680
SCHOTT N-BALF4,Optical,7.7E+010,0.245,3.0924E+010,0.000006520000000,3111.0 kg/m³,0.85,Specific Heat: 690
SCHOTT N-BALF5,Optical,8.1E+010,0.214,3.3361E+010,0.000007340000000,2614.0 kg/m³,1.05,Specific Heat: 810
SCHOTT N-BASF2,Optical,8.4E+010,0.247,3.3681E+010,0.000007120000000,3151.0 kg/m³,0.94,Specific Heat: 660
SCHOTT N-BASF64,Optical,1.05E+011,0.264,4.1535E+010,0.000007300000000,3200.0 kg/m³,N/A,N/A
SCHOTT N-BK7,Optical,8.2E+010,0.206,3.3997E+010,0.000007100000000,2510.0 kg/m³,1.114,Specific Heat: 858
SCHOTT N-BK7HT,Optical,8.2E+010,0.206,3.3997E+010,0.000007100000000,2510.0 kg/m³,1.114,Specific Heat: 858
SCHOTT N-BK7HTi,Optical,8.2E+010,0.206,3.3997E+010,0.000007100000000,2510.0 kg/m³,1.114,Specific Heat: 858
SCHOTT N-BK10,Optical,7.1E+010,0.203,2.951E+010,0.000005800000000,2390.0 kg/m³,1.32,Specific Heat: 810
SCHOTT N-F2,Optical,8.2E+010,0.228,3.3388E+010,0.000007840000000,2651.0 kg/m³,1.05,Specific Heat: 810
SCHOTT N-FK5,Optical,6.2E+010,0.232,2.5162E+010,0.000009200000000,2450.0 kg/m³,0.925,Specific Heat: 808
SCHOTT N-FK51A,Optical,7.302E+010,0.302,2.8041E+010,0.000012700000000,3675.0 kg/m³,0.76,Specific Heat: 690
SCHOTT N-FK58,Optical,7E+010,0.3,2.6923E+010,0.000013700000000,3646.0 kg/m³,0.76,Specific Heat: 710
SCHOTT N-K5,Optical,7.1E+010,0.224,2.9003E+010,0.000008200000000,2590.0 kg/m³,0.95,Specific Heat: 783
SCHOTT N-KF9,Optical,6.6E+010,0.225,2.6939E+010,0.000009610000000,2499.0 kg/m³,1.04,Specific Heat: 860
SCHOTT N-KZFS2,Optical,6.6E+010,0.266,2.6066E+010,0.000004440000000,2540.0 kg/m³,0.81,Specific Heat: 830
SCHOTT N-KZFS4,Optical,7.8E+010,0.241,3.1426E+010,0.000007300000000,3002.0 kg/m³,0.84,Specific Heat: 760
SCHOTT N-KZFS4HT,Optical,7.8E+010,0.241,3.1426E+010,0.000007300000000,3002.0 kg/m³,0.84,Specific Heat: 760
SCHOTT N-KZFS5,Optical,8.923E+010,0.243,3.5893E+010,0.000006380000000,3041.0 kg/m³,0.95,Specific Heat: 730
SCHOTT N-KZFS8,Optical,1.0272E+011,0.248,4.1154E+010,0.000007770000000,3204.0 kg/m³,1.05,Specific Heat: 760
SCHOTT N-KZFS11,Optical,7.9E+010,0.251,3.1575E+010,0.000006560000000,3196.0 kg/m³,0.81,Specific Heat: 690
SCHOTT N-LAF2,Optical,9.4E+010,0.288,3.6491E+010,0.000008060000000,4295.0 kg/m³,0.67,Specific Heat: 510
SCHOTT N-LAF3,Optical,9.5E+010,0.286,3.6936E+010,0.000007600000000,4140.0 kg/m³,N/A,N/A
SCHOTT N-LAF7,Optical,9.6E+010,0.271,3.7766E+010,0.000007300000000,3730.0 kg/m³,0.83,Specific Heat: 620
SCHOTT N-LAF21,Optical,1.24E+011,0.295,4.7876E+010,0.000005990000000,4281.0 kg/m³,0.83,Specific Heat: 550
SCHOTT N-LAF33,Optical,1.11E+011,0.234,3.1199E+010,7.8e-006,3170.0 kg/m³,N/A,N/A
SCHOTT N-LAF34,Optical,1.23E+011,0.234,3.1199E+010,7.8e-006,3170.0 kg/m³,N/A,N/A
SCHOTT N-LAF35,Optical,1.09E+011,0.234,3.1199E+010,7.8e-006,3170.0 kg/m³,N/A,N/A
SCHOTT N-LAF36,Optical,1.1E+011,0.234,3.1199E+010,7.8e-006,3170.0 kg/m³,N/A,N/A
SCHOTT N-LAK7,Optical,9E+010,0.234,3.1199E+010,7.8e-006,3170.0 kg/m³,N/A,N/A
SCHOTT N-LAK8,Optical,1.15E+011,0.234,3.1199E+010,7.8e-006,3170.0 kg/m³,N/A,N/A
SCHOTT N-LAK9,Optical,1.1E+011,0.234,3.1199E+010,7.8e-006,3170.0 kg/m³,N/A,N/A
SCHOTT N-LAK10,Optical,1.16E+011,0.234,3.1199E+010,7.8e-006,3170.0 kg/m³,N/A,N/A
SCHOTT N-LAK12,Optical,8.7E+010,0.234,3.1199E+010,7.8e-006,3170.0 kg/m³,N/A,N/A
SCHOTT N-LAK14,Optical,1.11E+011,0.234,3.1199E+010,7.8e-006,3170.0 kg/m³,N/A,N/A
SCHOTT N-LAK21,Optical,9.1E+010,0.234,3.1199E+010,7.8e-006,3170.0 kg/m³,N/A,N/A
SCHOTT N-LAK22,Optical,9E+010,0.234,3.1199E+010,7.8e-006,3170.0 kg/m³,N/A,N/A
SCHOTT N-LAK33A,Optical,1.21E+011,0.292,4.6827E+010,0.000005800000000,4216.0 kg/m³,0.81,Specific Heat: 550
SCHOTT N-LAK33B,Optical,1.218E+011,0.295,4.7027E+010,0.000005830000000,4221.0 kg/m³,0.89,Specific Heat: 560
SCHOTT N-LAK34,Optical,1.17E+011,0.29,4.5349E+010,0.000005810000000,4020.0 kg/m³,0.82,Specific Heat: 520
SCHOTT N-LASF9,Optical,1.0859E+011,0.288,4.2155E+010,0.000007370000000,4410.0 kg/m³,0.79,Specific Heat: 530
SCHOTT N-LASF9HT,Optical,1.0859E+011,0.288,4.2155E+010,0.000007370000000,4410.0 kg/m³,0.79,Specific Heat: 530
SCHOTT N-LASF31A,Optical,1.2551E+011,0.301,4.8236E+010,0.000006740000000,5510.0 kg/m³,0.79,Specific Heat: 440
SCHOTT N-LASF40,Optical,1.11E+011,0.304,4.2561E+010,0.000005840000000,4430.0 kg/m³,0.81,Specific Heat: 550
SCHOTT N-LASF41,Optical,1.24E+011,0.294,4.7913E+010,6.19e-006,4845.0 kg/m³,0.79,Specific Heat: 490
SCHOTT N-LASF43,Optical,1.14E+011,0.29,4.4186E+010,0.000005490000000,4260.0 kg/m³,0.81,Specific Heat: 550
SCHOTT N-LASF44,Optical,1.24E+011,0.293,4.7951E+010,0.000006210000000,4440.0 kg/m³,0.82,Specific Heat: 530
SCHOTT N-LASF45,Optical,1.16E+011,0.281,4.5277E+010,0.000007360000000,3626.0 kg/m³,1.02,Specific Heat: 660
SCHOTT N-LASF45HT,Optical,1.16E+011,0.281,4.5277E+010,0.000007360000000,3626.0 kg/m³,1.02,Specific Heat: 660
SCHOTT N-LASF46A,Optical,1.2437E+011,0.298,4.7908E+010,0.000006000000000,4449.0 kg/m³,0.91,Specific Heat: 540
SCHOTT N-LASF46B,Optical,1.2131E+011,0.303,4.655E+010,0.000005970000000,4510.0 kg/m³,0.88,Specific Heat: 550
SCHOTT N-PK51,Optical,7.4E+010,0.295,2.8571E+010,0.000012400000000,3855.0 kg/m³,0.65,Specific Heat: 620
SCHOTT N-PK52A,Optical,7.1E+010,0.298,2.735E+010,0.000013000000000,3700.0 kg/m³,0.73,Specific Heat: 670
SCHOTT N-PSK3,Optical,8.4E+010,0.226,3.4258E+010,0.000006200000000,2910.0 kg/m³,0.99,Specific Heat: 682
SCHOTT N-PSK53,Optical,7.8E+010,0.288,3.028E+010,0.000009400000000,3600.0 kg/m³,N/A,N/A
SCHOTT N-PSK53A,Optical,7.613E+010,0.288,2.9554E+010,0.000009560000000,3568.0 kg/m³,0.64,Specific Heat: 590
SCHOTT N-SF1,Optical,9E+010,0.25,3.6E+010,0.000009130000000,3025.0 kg/m³,1,Specific Heat: 750
SCHOTT N-SF2,Optical,8.6E+010,0.231,3.4931E+010,0.000006680000000,2718.0 kg/m³,1.14,Specific Heat: 790
SCHOTT N-SF4,Optical,9E+010,0.256,3.5828E+010,0.000009450000000,3145.0 kg/m³,0.95,Specific Heat: 760
SCHOTT N-SF5,Optical,8.7E+010,0.237,3.5166E+010,0.000007940000000,2858.0 kg/m³,1,Specific Heat: 770
SCHOTT N-SF6,Optical,9.3E+010,0.262,3.6846E+010,0.000009030000000,3369.0 kg/m³,0.96,Specific Heat: 690
SCHOTT N-SF6HT,Optical,9.3E+010,0.262,3.6846E+010,0.000009030000000,3369.0 kg/m³,0.96,Specific Heat: 690
SCHOTT N-SF6HTultra,Optical,9.3E+010,0.262,3.6846E+010,0.000009030000000,3369.0 kg/m³,0.96,Specific Heat: 690
SCHOTT N-SF8,Optical,8.8E+010,0.245,3.5341E+010,0.000008560000000,2904.0 kg/m³,1.03,Specific Heat: 770
SCHOTT N-SF10,Optical,8.7E+010,0.252,3.4744E+010,0.000009400000000,3050.0 kg/m³,0.96,Specific Heat: 740
SCHOTT N-SF11,Optical,9.2E+010,0.257,3.6595E+010,0.000008520000000,3224.0 kg/m³,0.95,Specific Heat: 710
SCHOTT N-SF14,Optical,8.83E+010,0.259,3.5068E+010,0.000009410000000,3118.0 kg/m³,1,Specific Heat: 750
SCHOTT N-SF15,Optical,9E+010,0.243,3.6203E+010,0.000008040000000,2921.0 kg/m³,1.04,Specific Heat: 760
SCHOTT N-SF19,Optical,8.8E+010,0.231,3.5743E+010,0.000007200000000,2900.0 kg/m³,1.02,Specific Heat: 750
SCHOTT N-SF56,Optical,9.1E+010,0.255,3.6255E+010,0.000008700000000,3280.0 kg/m³,0.94,Specific Heat: 700
SCHOTT N-SF57,Optical,9.6E+010,0.26,3.8095E+010,0.000008460000000,3533.0 kg/m³,0.99,Specific Heat: 660
SCHOTT N-SF57HT,Optical,9.6E+010,0.26,3.8095E+010,0.000008460000000,3533.0 kg/m³,0.99,Specific Heat: 660
SCHOTT N-SF57HTultra,Optical,9.6E+010,0.26,3.8095E+010,0.000008460000000,3533.0 kg/m³,0.99,Specific Heat: 660
SCHOTT N-SF64,Optical,8.8E+010,0.245,3.5341E+010,0.000008480000000,2989.0 kg/m³,0.98,Specific Heat: 750
SCHOTT N-SF66,Optical,9.49E+010,0.259,3.7689E+010,0.000005900000000,3996.0 kg/m³,0.8,Specific Heat: 540
SCHOTT N-SK2,Optical,7.8E+010,0.263,3.0879E+010,0.000006000000000,3550.0 kg/m³,0.776,Specific Heat: 595
SCHOTT N-SK2HT,Optical,7.8E+010,0.263,3.0879E+010,0.000006000000000,3550.0 kg/m³,0.776,Specific Heat: 595
SCHOTT N-SK4,Optical,8.4E+010,0.261,3.3307E+010,0.000006460000000,3535.0 kg/m³,0.83,Specific Heat: 570
SCHOTT N-SK5,Optical,8.4E+010,0.256,3.3439E+010,0.000005500000000,3300.0 kg/m³,0.99,Specific Heat: 560
SCHOTT N-SK10,Optical,8.1E+010,0.266,3.1991E+010,0.000006830000000,3639.0 kg/m³,0.77,Specific Heat: 540
SCHOTT N-SK11,Optical,7.9E+010,0.239,3.1881E+010,0.000006500000000,3080.0 kg/m³,N/A,N/A
SCHOTT N-SK14,Optical,8.6E+010,0.261,3.41E+010,0.000006000000000,3440.0 kg/m³,0.851,Specific Heat: 636
SCHOTT N-SK15,Optical,8.4E+010,0.265,3.3202E+010,0.000006700000000,3620.0 kg/m³,0.77,Specific Heat: 570
SCHOTT N-SK16,Optical,8.9E+010,0.264,3.5206E+010,0.000006300000000,3580.0 kg/m³,0.818,Specific Heat: 578
SCHOTT N-SSK2,Optical,8.2E+010,0.261,3.2514E+010,0.000005810000000,3525.0 kg/m³,0.81,Specific Heat: 580
SCHOTT N-SSK5,Optical,8.8E+010,0.278,3.4429E+010,0.000006800000000,3710.0 kg/m³,N/A,Specific Heat: 574
SCHOTT N-SSK8,Optical,8.4E+010,0.251,3.3573E+010,0.000007210000000,3268.0 kg/m³,0.84,Specific Heat: 640
SCHOTT N-ZK7,Optical,7E+010,0.214,2.883E+010,0.000004500000000,2490.0 kg/m³,1.042,Specific Heat: 770
SCHOTT P-BK7,Optical,8.478E+010,0.202,3.5266E+010,0.000005990000000,2433.0 kg/m³,1.13,Specific Heat: 870
SCHOTT P-LAF37,Optical,1.1528E+011,0.296,4.4475E+010,0.000006260000000,3987.0 kg/m³,0.9,Specific Heat: 640
SCHOTT P-LAK35,Optical,1.01E+011,0.289,3.9178E+010,0.000008130000000,3848.0 kg/m³,0.72,Specific Heat: 630
SCHOTT P-LASF47,Optical,1.1956E+011,0.298,4.6055E+010,0.000006040000000,4538.0 kg/m³,0.85,Specific Heat: 550
SCHOTT P-LASF50,Optical,1.1922E+011,0.298,4.5924E+010,0.000005900000000,4541.0 kg/m³,0.95,Specific Heat: 560
SCHOTT P-LASF51,Optical,1.1904E+011,0.299,4.582E+010,0.000006010000000,4579.0 kg/m³,0.87,Specific Heat: 560
SCHOTT P-PK53,Optical,5.937E+010,0.271,2.3356E+010,0.000013300000000,2827.0 kg/m³,0.64,Specific Heat: 770
SCHOTT P-SF8,Optical,8.606E+010,0.253,3.4342E+010,0.000009410000000,2898.0 kg/m³,1.02,Specific Heat: 790
SCHOTT P-SF67,Optical,9.02E+010,0.248,3.6138E+010,0.000006230000000,4236.0 kg/m³,0.79,Specific Heat: 530
SCHOTT P-SF68,Optical,7.904E+010,0.275,3.0996E+010,0.000008430000000,6194.0 kg/m³,0.65,Specific Heat: 370
SCHOTT P-SF69,Optical,9.588E+010,0.251,3.8321E+010,0.000008990000000,2934.0 kg/m³,1.12,Specific Heat: 820
SCHOTT P-SK57,Optical,9.266E+010,0.249,3.7094E+010,0.000007230000000,3012.0 kg/m³,1.01,Specific Heat: 760
SCHOTT P-SK57Q1,Optical,9.266E+010,0.249,3.7094E+010,0.000007230000000,3012.0 kg/m³,1.01,Specific Heat: 760
SCHOTT P-SK58A,Optical,9.685E+010,0.245,3.8896E+010,0.000006820000000,2971.0 kg/m³,1.02,Specific Heat: 770
SCHOTT P-SK60,Optical,9.879E+010,0.253,3.9421E+010,0.000007060000000,3075.0 kg/m³,1.13,Specific Heat: 760
SCHOTT SF1,Optical,5.6E+010,0.232,2.2727E+010,0.000008100000000,4460.0 kg/m³,N/A,N/A
SCHOTT SF2,Optical,5.5E+010,0.227,2.2412E+010,0.000008400000000,3860.0 kg/m³,0.735,Specific Heat: 498
SCHOTT SF4,Optical,5.6E+010,0.241,2.2562E+010,0.000008000000000,4790.0 kg/m³,0.65,Specific Heat: 410
SCHOTT SF5,Optical,5.6E+010,0.233,2.2709E+010,0.000008200000000,4070.0 kg/m³,N/A,N/A
SCHOTT SF6,Optical,5.5E+010,0.244,2.2106E+010,0.000008100000000,5180.0 kg/m³,0.673,Specific Heat: 389
SCHOTT SF6G05,Optical,N/A,0.244,N/A,7.8e-006,5200.0 kg/m³,N/A,N/A
SCHOTT SF6HT,Optical,5.5E+010,0.244,2.2106E+010,0.000008100000000,5180.0 kg/m³,0.673,Specific Heat: 389
SCHOTT SF10,Optical,6.4E+010,0.232,2.5974E+010,0.000007500000000,4280.0 kg/m³,0.741,Specific Heat: 465
SCHOTT SF11,Optical,6.6E+010,0.235,2.6721E+010,0.000006100000000,4740.0 kg/m³,0.737,Specific Heat: 431
SCHOTT SF56A,Optical,5.7E+010,0.239,2.3002E+010,0.000007900000000,4920.0 kg/m³,0.69,Specific Heat: 400
SCHOTT SF57,Optical,5.4E+010,0.248,2.1635E+010,0.000008300000000,5510.0 kg/m³,0.62,Specific Heat: 360
SCHOTT SF57HT,Optical,5.4E+010,0.248,2.1635E+010,0.000008300000000,5510.0 kg/m³,0.62,Specific Heat: 360
SCHOTT SF57HTultra,Optical,5.4E+010,0.248,2.1635E+010,0.000008300000000,5510.0 kg/m³,0.62,Specific Heat: 360
SCHOTT SFL6,Optical,9.3E+010,0.26,3.6905E+010,0.000009000000000,3370.0 kg/m³,N/A,N/A
SCHOTT SFL57,Optical,9.7E+010,0.261,3.8462E+010,0.000008700000000,3550.0 kg/m³,0.997,Specific Heat: 670
